member,run,scene,start_frame,policy,budget,bank_device,duration_sec,frames,observed_sections,expected_sections,status,archive_frames_max,archive_rgb_peak_mib,archive_features_logical_peak_mib,host_rss_sampled_peak_gib,torch_allocated_rollout_peak_gib,torch_reserved_rollout_peak_gib,rollout_s,context_selection_total_s,context_selection_mean_s_per_section,memory_policy_update_total_s,memory_policy_update_mean_s_per_section,bank_store_total_s,bank_store_mean_s_per_section
context_memory_attention_30s/unbounded_attention_audit/profiles/seed0_ContainerYard_7_4864_30s_custom.jsonl,context_memory_attention_30s/unbounded_attention_audit,ContainerYard_7,4864,unbounded,,cpu,30,913,12,12,complete,913,1176.9140625,0.0,4.33038330078125,15.985960006713867,18.08203125,2602.6342790466733,630.1208629026078,57.28371480932798,0.0011002630926668644,9.168859105557203e-05,0.14824203215539455,0.012353502679616213
context_memory_attention_30s/unbounded_attention_audit/profiles/seed0_ContainerYard_9_1292_30s_custom.jsonl,context_memory_attention_30s/unbounded_attention_audit,ContainerYard_9,1292,unbounded,,cpu,30,913,12,12,complete,913,1176.9140625,0.0,4.328403472900391,15.984880447387695,18.20703125,2603.06123770494,627.3299521049485,57.02999564590441,0.0015580318868160248,0.00012983599056800207,0.13852175185456872,0.01154347932121406
context_memory_attention_30s/unbounded_attention_audit/profiles/seed0_AncientTempleEnv_5_3420_30s_custom.jsonl,context_memory_attention_30s/unbounded_attention_audit,AncientTempleEnv_5,3420,unbounded,,cpu,30,913,12,12,complete,913,1176.9140625,0.0,4.2621002197265625,15.986162185668945,18.16015625,2641.967361242976,636.1727504930459,57.83388640845872,0.0011011548340320587,9.17629028360049e-05,0.23692826321348548,0.019744021934457123
context_memory_attention_30s/unbounded_attention_audit/profiles/seed0_DragonRise_9_1292_30s_custom.jsonl,context_memory_attention_30s/unbounded_attention_audit,DragonRise_9,1292,unbounded,,cpu,30,913,12,12,complete,913,1176.9140625,0.0,4.326511383056641,15.986207962036133,18.1796875,2635.69312113896,634.6658520335332,57.696895639412105,0.0011844076216220856,9.87006351351738e-05,0.14180297264829278,0.011816914387357732
context_memory_attention_30s/unbounded_attention_audit/profiles/seed0_DragonRise_1_2736_30s_custom.jsonl,context_memory_attention_30s/unbounded_attention_audit,DragonRise_1,2736,unbounded,,cpu,30,913,12,12,complete,913,1176.9140625,0.0,4.326484680175781,15.985696792602539,18.14453125,2595.3632699470036,628.6933668903075,57.15394244457341,0.0011313427239656448,9.42785603304704e-05,0.141799446195364,0.011816620516280333
context_memory_attention_30s/unbounded_attention_audit/profiles/seed0_ClothingStore_6_2052_30s_custom.jsonl,context_memory_attention_30s/unbounded_attention_audit,ClothingStore_6,2052,unbounded,,cpu,30,913,12,12,complete,913,1176.9140625,0.0,4.328136444091797,15.986810684204102,18.3203125,2597.96458651172,630.3101584063843,57.30092349148948,0.013787155505269766,0.0011489296254391472,0.16428397595882416,0.013690331329902014
context_memory_attention_30s/unbounded_attention_audit/profiles/seed0_FeudalJapan_3_6004_30s_custom.jsonl,context_memory_attention_30s/unbounded_attention_audit,FeudalJapan_3,6004,unbounded,,cpu,30,913,12,12,complete,913,1176.9140625,0.0,4.329551696777344,15.984750747680664,18.119140625,2602.524603377562,630.4444941789843,57.31313583445312,0.0016072094440460205,0.00013393412033716837,0.14229576755315065,0.011857980629429221
context_memory_attention_30s/unbounded_attention_audit/profiles/seed0_ClothingStore_1_5624_30s_custom.jsonl,context_memory_attention_30s/unbounded_attention_audit,ClothingStore_1,5624,unbounded,,cpu,30,913,12,12,complete,913,1176.9140625,0.0,4.327491760253906,15.986204147338867,17.96484375,2620.972071747761,638.8663984476589,58.078763495241716,0.0012360899709165096,0.0001030074975763758,0.1538123544305563,0.012817696202546358
context_memory_attention_30s/unbounded_attention_audit/profiles/seed0_FeudalJapan_0_0912_30s_custom.jsonl,context_memory_attention_30s/unbounded_attention_audit,FeudalJapan_0,912,unbounded,,cpu,30,913,12,12,complete,913,1176.9140625,0.0,4.328624725341797,15.985658645629883,18.1171875,2606.0774292349815,632.4177062772214,57.49251875247467,0.0012079877778887749,0.00010066564815739791,0.14046025834977627,0.011705021529148022
context_memory_attention_30s/unbounded_attention_audit/profiles/seed0_Warehouse_0_2432_30s_custom.jsonl,context_memory_attention_30s/unbounded_attention_audit,Warehouse_0,2432,unbounded,,cpu,30,913,12,12,complete,913,1176.9140625,0.0,4.328983306884766,15.985696792602539,17.921875,2611.284400179982,637.6058606775478,57.96416915250434,0.0011725225485861301,9.771021238217752e-05,0.14918815391138196,0.01243234615928183
context_memory_60s/slam_b128_covisibility/profiles/seed0_Warehouse_0_3496_60s_custom.jsonl,context_memory_60s/slam_b128_covisibility,Warehouse_0,3496,slam_covisibility,128,cpu,60,1825,24,24,complete,128,165.0,6.3759765625,4.673000335693359,16.30549907684326,18.384765625,4175.013214158826,355.2326594898477,15.444898238689031,32.00600431486964,1.3335835131195684,1.1887301849201322,0.049530424371672176
context_memory_60s/slam_b128_covisibility/profiles/seed0_DragonRise_9_3876_60s_custom.jsonl,context_memory_60s/slam_b128_covisibility,DragonRise_9,3876,slam_covisibility,128,cpu,60,1825,24,24,complete,128,165.0,6.3759765625,4.691196441650391,16.303133964538574,18.447265625,4189.924052355811,356.97218912653625,15.520529962023316,32.1921351547353,1.3413389647806373,0.9166467445902526,0.038193614357927196
context_memory_60s/slam_b128_covisibility/profiles/seed0_ClothingStore_1_0456_60s_custom.jsonl,context_memory_60s/slam_b128_covisibility,ClothingStore_1,456,slam_covisibility,128,cpu,60,1825,24,24,complete,128,165.0,6.3759765625,4.673439025878906,16.307581901550293,18.4765625,4180.781100752298,359.362461224664,15.624454835854957,32.44014965184033,1.3516729021600138,0.7719887564890087,0.03216619818704203
context_memory_60s/slam_b128_covisibility/profiles/seed0_ContainerYard_9_2584_60s_custom.jsonl,context_memory_60s/slam_b128_covisibility,ContainerYard_9,2584,slam_covisibility,128,cpu,60,1825,24,24,complete,128,165.0,6.3759765625,4.675300598144531,16.305928230285645,18.447265625,4197.366745657753,358.95948009425774,15.60693391714164,31.920697229448706,1.3300290512270294,0.8153058704920113,0.03397107793716714
context_memory_60s/slam_b128_covisibility/profiles/seed0_ClothingStore_6_2964_60s_custom.jsonl,context_memory_60s/slam_b128_covisibility,ClothingStore_6,2964,slam_covisibility,128,cpu,60,1825,24,24,complete,128,165.0,6.3759765625,4.675266265869141,16.308743476867676,18.513671875,4221.647111183964,359.01194813707843,15.609215136394715,31.88264551386237,1.3284435630775988,0.8994979904964566,0.03747908293735236
context_memory_60s/slam_b128_covisibility/profiles/seed0_FeudalJapan_3_1444_60s_custom.jsonl,context_memory_60s/slam_b128_covisibility,FeudalJapan_3,1444,slam_covisibility,128,cpu,60,1825,24,24,complete,128,165.0,6.3759765625,4.690326690673828,16.30385112762451,18.447265625,4182.925361234229,357.8963241847232,15.560709747161878,32.05859137978405,1.3357746408243354,0.8981629540212452,0.03742345641755188
context_memory_60s/slam_b128_covisibility/profiles/seed0_ContainerYard_7_1216_60s_custom.jsonl,context_memory_60s/slam_b128_covisibility,ContainerYard_7,1216,slam_covisibility,128,cpu,60,1825,24,24,complete,128,165.0,6.3759765625,4.692111968994141,16.303339958190918,18.447265625,4174.8079617000185,356.9773391294293,15.520753875192579,31.822093900758773,1.3259205791982822,0.9831802621483803,0.040965844256182514
context_memory_60s/slam_b128_covisibility/profiles/seed0_ContainerYard_3_3876_60s_custom.jsonl,context_memory_60s/slam_b128_covisibility,ContainerYard_3,3876,slam_covisibility,128,cpu,60,1825,24,24,complete,128,165.0,6.3759765625,4.692054748535156,16.30391216278076,18.509765625,4180.608642460313,354.8879367848858,15.429910294995036,33.40644395258278,1.391935164690949,1.4648651834577322,0.06103604931073884
context_memory_60s/slam_b128_covisibility/profiles/seed0_DragonRise_1_3420_60s_custom.jsonl,context_memory_60s/slam_b128_covisibility,DragonRise_1,3420,slam_covisibility,128,cpu,60,1825,24,24,complete,128,165.0,6.3759765625,4.6763153076171875,16.304789543151855,18.447265625,4168.914556425065,354.6770262522623,15.420740271837492,31.984127279371023,1.3326719699737926,0.922784361988306,0.03844934841617942
context_memory_60s/slam_b128_covisibility/profiles/seed0_FeudalJapan_0_2888_60s_custom.jsonl,context_memory_60s/slam_b128_covisibility,FeudalJapan_0,2888,slam_covisibility,128,cpu,60,1825,24,24,complete,128,165.0,6.3759765625,4.673480987548828,16.306180000305176,18.447265625,4191.609737343155,356.1875661504455,15.486415919584587,32.20825463021174,1.3420106095921558,1.0367174004204571,0.04319655835085238
context_memory_60s/slam_b128_covisibility/profiles/seed0_IslandMap_2_0456_60s_custom.jsonl,context_memory_60s/slam_b128_covisibility,IslandMap_2,456,slam_covisibility,128,cpu,60,1825,24,24,complete,128,165.0,6.3759765625,4.690357208251953,16.305285453796387,18.1875,4199.764305141754,357.9625009451993,15.56358699761736,31.9448349699378,1.3310347904140751,0.8696689791977406,0.03623620746657252
context_memory_60s/slam_b128_covisibility/profiles/seed0_FeudalJapan_2_0684_60s_custom.jsonl,context_memory_60s/slam_b128_covisibility,FeudalJapan_2,684,slam_covisibility,128,cpu,60,1825,24,24,complete,128,165.0,6.3759765625,4.673500061035156,16.304789543151855,18.447265625,4179.013056308962,361.3157086893916,15.7093786386692,31.83853342710063,1.3266055594625261,0.9704232146032155,0.04043430060846731
context_memory_60s/ri_b128_dino_rgb/profiles/seed0_Warehouse_0_3496_60s_custom.jsonl,context_memory_60s/ri_b128_dino_rgb,Warehouse_0,3496,rarity_irreplaceability,128,cpu,60,1825,24,24,complete,128,165.0,6.3759765625,4.851432800292969,16.30391216278076,18.509765625,4170.149784959387,356.671848827973,15.507471688172739,34.74497161153704,1.44770715048071,0.04047967214137316,0.0016866530058905482
context_memory_60s/ri_b128_dino_rgb/profiles/seed0_FeudalJapan_3_1444_60s_custom.jsonl,context_memory_60s/ri_b128_dino_rgb,FeudalJapan_3,1444,rarity_irreplaceability,128,cpu,60,1825,24,24,complete,128,165.0,6.3759765625,4.824394226074219,16.307581901550293,18.4765625,4187.89594715694,360.0925239943899,15.656196695408257,38.32007100759074,1.5966696253162809,0.055777431931346655,0.0023240596638061106
context_memory_60s/ri_b128_dino_rgb/profiles/seed0_IslandMap_2_0456_60s_custom.jsonl,context_memory_60s/ri_b128_dino_rgb,IslandMap_2,456,rarity_irreplaceability,128,cpu,60,1825,24,24,complete,128,165.0,6.3759765625,4.850109100341797,16.308743476867676,18.513671875,4186.908919640351,359.72429853957146,15.640186893024847,35.018337443470955,1.4590973934779565,0.04147149156779051,0.0017279788153246045
context_memory_60s/ri_b16_dino_rgb/profiles/seed0_Warehouse_0_3496_60s_custom.jsonl,context_memory_60s/ri_b16_dino_rgb,Warehouse_0,3496,rarity_irreplaceability,16,cpu,60,1825,24,24,complete,16,20.625,0.7969970703125,4.8308563232421875,16.305737495422363,18.33203125,3846.846170487348,43.173433950170875,1.8771058239204728,26.31688767950982,1.0965369866462424,0.01090649189427495,0.00045443716226145625
context_memory_60s/ri_b16_dino_rgb/profiles/seed0_DragonRise_9_3876_60s_custom.jsonl,context_memory_60s/ri_b16_dino_rgb,DragonRise_9,3876,rarity_irreplaceability,16,cpu,60,1825,24,24,complete,16,20.625,0.7969970703125,4.830772399902344,16.30385112762451,18.447265625,3876.0635379781015,42.85159106366336,1.8631126549418853,26.513887951616198,1.1047453313173417,0.011723126750439405,0.0004884636146016419
context_memory_60s/ri_b16_dino_rgb/profiles/seed0_ClothingStore_1_0456_60s_custom.jsonl,context_memory_60s/ri_b16_dino_rgb,ClothingStore_1,456,rarity_irreplaceability,16,cpu,60,1825,24,24,complete,16,20.625,0.7969970703125,4.830638885498047,16.303339958190918,18.447265625,3844.872031792067,43.628147289622575,1.896875969114025,26.46013329271227,1.1025055538630113,0.011076034046709538,0.0004615014186128974
context_memory_60s/ri_b16_dino_rgb/profiles/seed0_ContainerYard_9_2584_60s_custom.jsonl,context_memory_60s/ri_b16_dino_rgb,ContainerYard_9,2584,rarity_irreplaceability,16,cpu,60,1825,24,24,complete,16,20.625,0.7969970703125,4.830707550048828,16.306180000305176,18.447265625,3858.0421358472668,43.277099198661745,1.8816130086374672,26.438371841795743,1.1015988267414893,0.010367854498326778,0.0004319939374302824
context_memory_60s/ri_b16_dino_rgb/profiles/seed0_ClothingStore_6_2964_60s_custom.jsonl,context_memory_60s/ri_b16_dino_rgb,ClothingStore_6,2964,rarity_irreplaceability,16,cpu,60,1825,24,24,complete,16,20.625,0.7969970703125,4.830631256103516,16.305928230285645,18.447265625,3846.162076273933,43.625226149801165,1.8967489630348333,26.53608062490821,1.105670026037842,0.011963953264057636,0.0004984980526690682
context_memory_60s/ri_b16_dino_rgb/profiles/seed0_AnimeCitySuburbs_5_0608_60s_custom.jsonl,context_memory_60s/ri_b16_dino_rgb,AnimeCitySuburbs_5,608,rarity_irreplaceability,16,cpu,60,1825,24,24,complete,16,20.625,0.7969970703125,4.833900451660156,16.308743476867676,18.513671875,3875.7577301338315,43.29869656590745,1.8825520246046716,27.610091206151992,1.1504204669229996,0.009118973277509212,0.00037995721989621717
context_memory_60s/ri_b16_dino_rgb/profiles/seed0_FeudalJapan_3_1444_60s_custom.jsonl,context_memory_60s/ri_b16_dino_rgb,FeudalJapan_3,1444,rarity_irreplaceability,16,cpu,60,1825,24,24,complete,16,20.625,0.7969970703125,4.830833435058594,16.30414867401123,18.1875,3843.72881393414,43.221932142972946,1.8792144409988238,26.481045911088586,1.1033769129620243,0.010987014509737492,0.00045779227123906213
context_memory_60s/ri_b16_dino_rgb/profiles/seed0_ContainerYard_7_1216_60s_custom.jsonl,context_memory_60s/ri_b16_dino_rgb,ContainerYard_7,1216,rarity_irreplaceability,16,cpu,60,1825,24,24,complete,16,20.625,0.7969970703125,4.830692291259766,16.303133964538574,18.447265625,3841.444293003995,43.4353560465388,1.888493741153861,27.479435144923627,1.1449764643718179,0.009490594267845154,0.0003954414278268814
context_memory_60s/ri_b16_dino_rgb/profiles/seed0_AncientTempleEnv_5_1368_60s_custom.jsonl,context_memory_60s/ri_b16_dino_rgb,AncientTempleEnv_5,1368,rarity_irreplaceability,16,cpu,60,1825,24,24,complete,16,20.625,0.7969970703125,4.779552459716797,16.307581901550293,18.4765625,3854.257627263665,44.052908214740455,1.915343835423498,26.99495780747384,1.1247899086447433,0.010248769074678421,0.00042703204477826756
context_memory_60s/ri_b16_dino_rgb/profiles/seed0_ChemicalPlantEnv_5_3648_60s_custom.jsonl,context_memory_60s/ri_b16_dino_rgb,ChemicalPlantEnv_5,3648,rarity_irreplaceability,16,cpu,60,1825,24,24,complete,16,20.625,0.7969970703125,4.8306427001953125,16.30391216278076,18.509765625,3846.6181499450468,43.748239116277546,1.9020973528816325,26.383696604520082,1.0993206918550034,0.010541087482124567,0.00043921197842185694
context_memory_60s/ri_b16_dino_rgb/profiles/seed0_ContainerYard_3_3876_60s_custom.jsonl,context_memory_60s/ri_b16_dino_rgb,ContainerYard_3,3876,rarity_irreplaceability,16,cpu,60,1825,24,24,complete,16,20.625,0.7969970703125,4.830669403076172,16.304789543151855,18.447265625,3871.880310848821,42.47992880595848,1.8469534263460208,26.446595169138163,1.1019414653807569,0.0108684953302145,0.00045285397209227085
context_memory_60s/ri_b16_dino_rgb/profiles/seed0_DragonRise_1_3420_60s_custom.jsonl,context_memory_60s/ri_b16_dino_rgb,DragonRise_1,3420,rarity_irreplaceability,16,cpu,60,1825,24,24,complete,16,20.625,0.7969970703125,4.830741882324219,16.304789543151855,18.447265625,3890.2936480091885,42.830219521187246,1.8621834574429237,26.655216488987207,1.110634020374467,0.010056099854409695,0.00041900416060040396
context_memory_60s/ri_b16_dino_rgb/profiles/seed0_FeudalJapan_0_2888_60s_custom.jsonl,context_memory_60s/ri_b16_dino_rgb,FeudalJapan_0,2888,rarity_irreplaceability,16,cpu,60,1825,24,24,complete,16,20.625,0.7969970703125,4.830787658691406,16.305285453796387,18.1875,3840.2568401419558,42.955042764078826,1.8676105549599489,27.108068263158202,1.1295028442982584,0.01072720717638731,0.0004469669656828046
context_memory_60s/ri_b16_dino_rgb/profiles/seed0_IslandMap_2_0456_60s_custom.jsonl,context_memory_60s/ri_b16_dino_rgb,IslandMap_2,456,rarity_irreplaceability,16,cpu,60,1825,24,24,complete,16,20.625,0.7969970703125,4.8351593017578125,16.30402660369873,18.33203125,3846.667054159101,43.56378988921642,1.8940778212702793,26.477088942192495,1.1032120392580207,0.010346810333430767,0.00043111709722628194
context_memory_60s/ri_b16_dino_rgb/profiles/seed0_FeudalJapan_2_0684_60s_custom.jsonl,context_memory_60s/ri_b16_dino_rgb,FeudalJapan_2,684,rarity_irreplaceability,16,cpu,60,1825,24,24,complete,16,20.625,0.7969970703125,4.830818176269531,16.30549907684326,18.384765625,3837.80795352906,43.147860802244395,1.8759939479236694,26.266224189661443,1.09442600790256,0.010187351144850254,0.0004244729643687606
context_memory_60s/slamri_b32_beta0p75_k3/profiles/seed0_Warehouse_0_3496_60s_custom.jsonl,context_memory_60s/slamri_b32_beta0p75_k3,Warehouse_0,3496,slam_ri_blend,32,cpu,60,1825,24,24,complete,32,41.25,1.593994140625,4.663078308105469,16.305737495422363,18.33203125,3951.164780801162,89.62951227929443,3.8969353164910623,32.79211786435917,1.3663382443482988,0.024481537751853466,0.0010200640729938943
context_memory_60s/slamri_b32_beta0p75_k3/profiles/seed0_DragonRise_9_3876_60s_custom.jsonl,context_memory_60s/slamri_b32_beta0p75_k3,DragonRise_9,3876,slam_ri_blend,32,cpu,60,1825,24,24,complete,32,41.25,1.593994140625,4.6779327392578125,16.30385112762451,18.447265625,3913.6455968972296,89.41605885466561,3.8876547328115483,33.4234404345043,1.3926433514376793,0.024827568791806698,0.0010344820329919457
context_memory_60s/slamri_b32_beta0p75_k3/profiles/seed0_ClothingStore_1_0456_60s_custom.jsonl,context_memory_60s/slamri_b32_beta0p75_k3,ClothingStore_1,456,slam_ri_blend,32,cpu,60,1825,24,24,complete,32,41.25,1.593994140625,4.695045471191406,16.303339958190918,18.447265625,3911.541894961614,90.00060649821535,3.9130698477484933,32.78110145684332,1.3658792273684714,0.010964293498545885,0.0004568455624394119
context_memory_60s/slamri_b32_beta0p75_k3/profiles/seed0_ContainerYard_9_2584_60s_custom.jsonl,context_memory_60s/slamri_b32_beta0p75_k3,ContainerYard_9,2584,slam_ri_blend,32,cpu,60,1825,24,24,complete,32,41.25,1.593994140625,4.661228179931641,16.306180000305176,18.447265625,3897.190243701916,89.4403662988916,3.8887115782126784,29.253224902320653,1.2188843709300272,0.013741096016019583,0.0005725456673341492
context_memory_60s/slamri_b32_beta0p75_k3/profiles/seed0_ClothingStore_6_2964_60s_custom.jsonl,context_memory_60s/slamri_b32_beta0p75_k3,ClothingStore_6,2964,slam_ri_blend,32,cpu,60,1825,24,24,complete,32,41.25,1.593994140625,4.676166534423828,16.305928230285645,18.447265625,3919.5447538793087,89.56582472613081,3.8941662924404703,31.84175230655819,1.3267396794399247,0.031123037915676832,0.0012967932464865346
context_memory_60s/slamri_b32_beta0p75_k3/profiles/seed0_AnimeCitySuburbs_5_0608_60s_custom.jsonl,context_memory_60s/slamri_b32_beta0p75_k3,AnimeCitySuburbs_5,608,slam_ri_blend,32,cpu,60,1825,24,24,complete,32,41.25,1.593994140625,4.677154541015625,16.308743476867676,18.513671875,3926.720868540462,90.61982527328655,3.939992403186372,42.34455715818331,1.7643565482576378,0.027922715060412884,0.0011634464608505368
context_memory_60s/slamri_b32_beta0p75_k3/profiles/seed0_FeudalJapan_3_1444_60s_custom.jsonl,context_memory_60s/slamri_b32_beta0p75_k3,FeudalJapan_3,1444,slam_ri_blend,32,cpu,60,1825,24,24,complete,32,41.25,1.593994140625,4.661930084228516,16.30414867401123,18.1875,3922.0262139081024,89.83051590574905,3.905674604597785,30.866533670574427,1.2861055696072679,0.013680642005056143,0.0005700267502106726
context_memory_60s/slamri_b32_beta0p75_k3/profiles/seed0_ContainerYard_7_1216_60s_custom.jsonl,context_memory_60s/slamri_b32_beta0p75_k3,ContainerYard_7,1216,slam_ri_blend,32,cpu,60,1825,24,24,complete,32,41.25,1.593994140625,4.659137725830078,16.303133964538574,18.447265625,3897.0668504987843,89.49440745543689,3.891061193714647,30.26205002795905,1.2609187511649604,0.012461528182029724,0.0005192303409179052
context_memory_60s/slamri_b32_beta0p75_k3/profiles/seed0_AncientTempleEnv_5_1368_60s_custom.jsonl,context_memory_60s/slamri_b32_beta0p75_k3,AncientTempleEnv_5,1368,slam_ri_blend,32,cpu,60,1825,24,24,complete,32,41.25,1.593994140625,4.658710479736328,16.307581901550293,18.4765625,3916.314087695908,89.83886065892875,3.906037419953424,32.16328563215211,1.3401369013396713,0.012010957580059767,0.0005004565658358237
context_memory_60s/slamri_b32_beta0p75_k3/profiles/seed0_ChemicalPlantEnv_5_3648_60s_custom.jsonl,context_memory_60s/slamri_b32_beta0p75_k3,ChemicalPlantEnv_5,3648,slam_ri_blend,32,cpu,60,1825,24,24,complete,32,41.25,1.593994140625,4.660411834716797,16.30391216278076,18.509765625,3913.6840523188002,90.70165563188493,3.943550244864562,32.36589810857549,1.3485790878573123,0.03006843850016594,0.0012528516041735809
context_memory_60s/slamri_b32_beta0p75_k3/profiles/seed0_ContainerYard_3_3876_60s_custom.jsonl,context_memory_60s/slamri_b32_beta0p75_k3,ContainerYard_3,3876,slam_ri_blend,32,cpu,60,1825,24,24,complete,32,41.25,1.593994140625,4.657833099365234,16.304789543151855,18.447265625,3898.969543471001,89.6630656211637,3.8983941574418997,31.223168811760843,1.3009653671567019,0.01401471346616745,0.0005839463944236437
context_memory_60s/slamri_b32_beta0p75_k3/profiles/seed0_DragonRise_1_3420_60s_custom.jsonl,context_memory_60s/slamri_b32_beta0p75_k3,DragonRise_1,3420,slam_ri_blend,32,cpu,60,1825,24,24,complete,32,41.25,1.593994140625,4.677654266357422,16.304789543151855,18.447265625,3915.1884620697238,88.63496986590326,3.853694341995794,33.827319958712906,1.409471664946371,0.02708908449858427,0.001128711854107678
context_memory_60s/slamri_b32_beta0p75_k3/profiles/seed0_FeudalJapan_0_2888_60s_custom.jsonl,context_memory_60s/slamri_b32_beta0p75_k3,FeudalJapan_0,2888,slam_ri_blend,32,cpu,60,1825,24,24,complete,32,41.25,1.593994140625,4.676746368408203,16.305285453796387,18.1875,3908.8734898599796,90.27758358605206,3.9251123298283503,32.933793859090656,1.372241410795444,0.012707075104117393,0.000529461462671558
context_memory_60s/slamri_b32_beta0p75_k3/profiles/seed0_IslandMap_2_0456_60s_custom.jsonl,context_memory_60s/slamri_b32_beta0p75_k3,IslandMap_2,456,slam_ri_blend,32,cpu,60,1825,24,24,complete,32,41.25,1.593994140625,4.662071228027344,16.30402660369873,18.33203125,3911.774801668711,89.15270317811519,3.876204486005008,31.181034649722278,1.2992097770717617,0.01809618016704917,0.0007540075069603821
context_memory_60s/slamri_b32_beta0p75_k3/profiles/seed0_FeudalJapan_2_0684_60s_custom.jsonl,context_memory_60s/slamri_b32_beta0p75_k3,FeudalJapan_2,684,slam_ri_blend,32,cpu,60,1825,24,24,complete,32,41.25,1.593994140625,4.661914825439453,16.30549907684326,18.384765625,3919.584519814234,91.83140821382403,3.9926699223401756,29.88521079486236,1.2452171164525982,0.014304388780146837,0.0005960161991727849
context_memory_60s/ri_b32_dino_rgb_k3/profiles/seed0_Warehouse_0_3496_60s_custom.jsonl,context_memory_60s/ri_b32_dino_rgb_k3,Warehouse_0,3496,rarity_irreplaceability,32,cpu,60,1825,24,24,complete,32,41.25,1.593994140625,4.732486724853516,16.305737495422363,18.33203125,3884.173927797936,90.41508197784424,3.9310905207758364,31.99137587333098,1.3329739947221242,0.02940882509574294,0.0012253677123226225
context_memory_60s/ri_b32_dino_rgb_k3/profiles/seed0_DragonRise_9_3876_60s_custom.jsonl,context_memory_60s/ri_b32_dino_rgb_k3,DragonRise_9,3876,rarity_irreplaceability,32,cpu,60,1825,24,24,complete,32,41.25,1.593994140625,4.731903076171875,16.30385112762451,18.447265625,3850.5430484968238,91.29647298203781,3.9694118687842526,30.29877499071881,1.2624489579466172,0.0235032606869936,0.0009793025286247332
context_memory_60s/ri_b32_dino_rgb_k3/profiles/seed0_ClothingStore_1_0456_60s_custom.jsonl,context_memory_60s/ri_b32_dino_rgb_k3,ClothingStore_1,456,rarity_irreplaceability,32,cpu,60,1825,24,24,complete,32,41.25,1.593994140625,4.766326904296875,16.303339958190918,18.447265625,3871.4969064882025,91.52435922436416,3.9793199662767025,29.77430620463565,1.2405960918598187,0.02439184859395027,0.001016327024747928
context_memory_60s/ri_b32_dino_rgb_k3/profiles/seed0_ContainerYard_9_2584_60s_custom.jsonl,context_memory_60s/ri_b32_dino_rgb_k3,ContainerYard_9,2584,rarity_irreplaceability,32,cpu,60,1825,24,24,complete,32,41.25,1.593994140625,4.749153137207031,16.306180000305176,18.447265625,3872.91931780288,91.4165113940835,3.9746309301775433,28.72429196862504,1.19684549869271,0.022487325593829155,0.0009369718997428814
context_memory_60s/ri_b32_dino_rgb_k3/profiles/seed0_ClothingStore_6_2964_60s_custom.jsonl,context_memory_60s/ri_b32_dino_rgb_k3,ClothingStore_6,2964,rarity_irreplaceability,32,cpu,60,1825,24,24,complete,32,41.25,1.593994140625,4.748569488525391,16.305928230285645,18.447265625,3904.7771804439835,92.91433001076803,4.039753478729045,32.280726429075,1.3450302678781252,0.023382021579891443,0.0009742508991621435
context_memory_60s/ri_b32_dino_rgb_k3/profiles/seed0_AnimeCitySuburbs_5_0608_60s_custom.jsonl,context_memory_60s/ri_b32_dino_rgb_k3,AnimeCitySuburbs_5,608,rarity_irreplaceability,32,cpu,60,1825,24,24,complete,32,41.25,1.593994140625,4.735908508300781,16.308743476867676,18.513671875,3850.121024369728,89.62404079502448,3.89669742587063,27.870800523553044,1.1612833551480435,0.011409470345824957,0.00047539459774270654
context_memory_60s/ri_b32_dino_rgb_k3/profiles/seed0_FeudalJapan_3_1444_60s_custom.jsonl,context_memory_60s/ri_b32_dino_rgb_k3,FeudalJapan_3,1444,rarity_irreplaceability,32,cpu,60,1825,24,24,complete,32,41.25,1.593994140625,4.731937408447266,16.30414867401123,18.1875,3865.805309079122,91.92716766009107,3.9968333765256987,30.50398039398715,1.2709991830827978,0.03283164883032441,0.0013679853679301839
context_memory_60s/ri_b32_dino_rgb_k3/profiles/seed0_ContainerYard_7_1216_60s_custom.jsonl,context_memory_60s/ri_b32_dino_rgb_k3,ContainerYard_7,1216,rarity_irreplaceability,32,cpu,60,1825,24,24,complete,32,41.25,1.593994140625,4.733379364013672,16.303133964538574,18.447265625,3888.841334703844,90.92139755794778,3.953104241649904,28.61938910977915,1.192474546240798,0.013217501807957888,0.0005507292419982454
context_memory_60s/ri_b32_dino_rgb_k3/profiles/seed0_AncientTempleEnv_5_1368_60s_custom.jsonl,context_memory_60s/ri_b32_dino_rgb_k3,AncientTempleEnv_5,1368,rarity_irreplaceability,32,cpu,60,1825,24,24,complete,32,41.25,1.593994140625,4.7186126708984375,16.307581901550293,18.4765625,3860.966251621023,90.59065889753401,3.938724299892783,28.040274352766573,1.1683447646986072,0.012785875704139471,0.0005327448210058113
context_memory_60s/ri_b32_dino_rgb_k3/profiles/seed0_ChemicalPlantEnv_5_3648_60s_custom.jsonl,context_memory_60s/ri_b32_dino_rgb_k3,ChemicalPlantEnv_5,3648,rarity_irreplaceability,32,cpu,60,1825,24,24,complete,32,41.25,1.593994140625,4.749416351318359,16.30391216278076,18.509765625,3864.7377037447877,90.15239909151569,3.9196695257180734,29.88461970584467,1.2451924877435279,0.028283420484513044,0.0011784758535213768
context_memory_60s/ri_b32_dino_rgb_k3/profiles/seed0_ContainerYard_3_3876_60s_custom.jsonl,context_memory_60s/ri_b32_dino_rgb_k3,ContainerYard_3,3876,rarity_irreplaceability,32,cpu,60,1825,24,24,complete,32,41.25,1.593994140625,4.750820159912109,16.304789543151855,18.447265625,3894.1846780818887,92.53395939990878,4.02321562608299,29.91798740485683,1.2465828085357014,0.01526207523420453,0.0006359198014251888
context_memory_60s/ri_b32_dino_rgb_k3/profiles/seed0_DragonRise_1_3420_60s_custom.jsonl,context_memory_60s/ri_b32_dino_rgb_k3,DragonRise_1,3420,rarity_irreplaceability,32,cpu,60,1825,24,24,complete,32,41.25,1.593994140625,4.765361785888672,16.304789543151855,18.447265625,3865.0970099861734,90.24437935603783,3.9236686676538186,30.471873386297375,1.269661391095724,0.040568663738667965,0.0016903609891111653
context_memory_60s/ri_b32_dino_rgb_k3/profiles/seed0_FeudalJapan_0_2888_60s_custom.jsonl,context_memory_60s/ri_b32_dino_rgb_k3,FeudalJapan_0,2888,rarity_irreplaceability,32,cpu,60,1825,24,24,complete,32,41.25,1.593994140625,4.73193359375,16.305285453796387,18.1875,3870.867397259921,90.45196927711368,3.9326943163962467,31.92506743222475,1.3302111430093646,0.02622339455410838,0.0010926414397545159
context_memory_60s/ri_b32_dino_rgb_k3/profiles/seed0_IslandMap_2_0456_60s_custom.jsonl,context_memory_60s/ri_b32_dino_rgb_k3,IslandMap_2,456,rarity_irreplaceability,32,cpu,60,1825,24,24,complete,32,41.25,1.593994140625,4.7319488525390625,16.30402660369873,18.33203125,3896.9053840860724,91.74610921228305,3.9889612700992627,30.529744077008218,1.2720726698753424,0.026404037605971098,0.001100168233582129
context_memory_60s/ri_b32_dino_rgb_k3/profiles/seed0_FeudalJapan_2_0684_60s_custom.jsonl,context_memory_60s/ri_b32_dino_rgb_k3,FeudalJapan_2,684,rarity_irreplaceability,32,cpu,60,1825,24,24,complete,32,41.25,1.593994140625,4.73193359375,16.30549907684326,18.384765625,3863.085468777921,91.24971323926002,3.967378836489566,30.416740083601326,1.2673641701500553,0.029862355906516314,0.0012442648294381797
context_memory_60s/mce_b32_lambda08_pilot/profiles/seed0_AncientTempleEnv_5_1368_60s_custom.jsonl,context_memory_60s/mce_b32_lambda08_pilot,AncientTempleEnv_5,1368,mce,32,cpu,60,1825,24,24,complete,32,41.25,1.59375,4.679637908935547,16.307581901550293,18.4765625,3948.313653741963,88.02306424826384,3.8270897499245145,25.761693901382387,1.0734039125575994,0.5556910773739219,0.023153794890580077
context_memory_60s/mce_b32_lambda08_pilot/profiles/seed0_ContainerYard_3_3876_60s_custom.jsonl,context_memory_60s/mce_b32_lambda08_pilot,ContainerYard_3,3876,mce,32,cpu,60,1825,24,24,complete,32,41.25,1.59375,4.703857421875,16.308743476867676,18.513671875,3936.4641153374687,87.542883743532,3.8062123366753045,25.502444465644658,1.0626018527351941,0.870657037012279,0.036277376542178295
context_memory_60s/mce_b32_lambda08_pilot/profiles/seed0_FeudalJapan_0_2888_60s_custom.jsonl,context_memory_60s/mce_b32_lambda08_pilot,FeudalJapan_0,2888,mce,32,cpu,60,1825,24,24,complete,32,41.25,1.59375,4.687599182128906,16.30391216278076,18.509765625,3927.618212419562,87.08596166688949,3.7863461594299777,25.532461494207382,1.063852562258641,0.4587280983105302,0.019113670762938757
context_memory_60s/mce_b128_lambda1_pilot/profiles/seed0_Warehouse_0_3496_60s_custom.jsonl,context_memory_60s/mce_b128_lambda1_pilot,Warehouse_0,3496,mce,128,cpu,60,1825,24,24,complete,128,165.0,6.375,4.725574493408203,16.305737495422363,18.33203125,4179.324344345834,354.80917512252927,15.426485874892577,25.45523092476651,1.0606346218652714,0.22795778373256326,0.009498240988856802
context_memory_60s/mce_b128_lambda1_pilot/profiles/seed0_DragonRise_9_3876_60s_custom.jsonl,context_memory_60s/mce_b128_lambda1_pilot,DragonRise_9,3876,mce,128,cpu,60,1825,24,24,complete,128,165.0,6.375,4.760051727294922,16.30385112762451,18.447265625,4178.907414331101,357.90916759427637,15.561268156272886,25.530274806078523,1.0637614502532717,0.2799110058695078,0.011662958577896157
context_memory_60s/mce_b128_lambda1_pilot/profiles/seed0_ClothingStore_1_0456_60s_custom.jsonl,context_memory_60s/mce_b128_lambda1_pilot,ClothingStore_1,456,mce,128,cpu,60,1825,24,24,complete,128,165.0,6.375,4.742103576660156,16.303339958190918,18.447265625,4153.563200598583,359.7309259022586,15.640475039228635,25.375751947052777,1.0573229977938656,0.507797300349921,0.021158220847913373
context_memory_60s/mce_b128_lambda1_pilot/profiles/seed0_ContainerYard_9_2584_60s_custom.jsonl,context_memory_60s/mce_b128_lambda1_pilot,ContainerYard_9,2584,mce,128,cpu,60,1825,24,24,complete,128,165.0,6.375,4.742237091064453,16.306180000305176,18.447265625,4179.236665127333,359.1124565596692,15.613585067811705,28.34039347898215,1.180849728290923,0.3463103622198105,0.014429598425825437
context_memory_60s/mce_b128_lambda1_pilot/profiles/seed0_ClothingStore_6_2964_60s_custom.jsonl,context_memory_60s/mce_b128_lambda1_pilot,ClothingStore_6,2964,mce,128,cpu,60,1825,24,24,complete,128,165.0,6.375,4.742134094238281,16.305928230285645,18.447265625,4158.211268638261,358.4272208693437,15.583792211710596,25.42679151892662,1.0594496466219425,0.34332775603979826,0.014305323168324927
context_memory_60s/mce_b128_lambda1_pilot/profiles/seed0_AnimeCitySuburbs_5_0608_60s_custom.jsonl,context_memory_60s/mce_b128_lambda1_pilot,AnimeCitySuburbs_5,608,mce,128,cpu,60,1825,24,24,complete,128,165.0,6.375,4.725181579589844,16.308743476867676,18.513671875,4174.3978708656505,357.432159780059,15.540528686089521,25.453862671274692,1.0605776113031122,0.2850009952671826,0.011875041469465941
context_memory_60s/mce_b128_lambda1_pilot/profiles/seed0_FeudalJapan_3_1444_60s_custom.jsonl,context_memory_60s/mce_b128_lambda1_pilot,FeudalJapan_3,1444,mce,128,cpu,60,1825,24,24,complete,128,165.0,6.375,4.725574493408203,16.30414867401123,18.1875,4183.660201832186,360.19253507955,15.660545003458695,26.466295001562685,1.1027622917317785,0.3519356935285032,0.0146639872303543
context_memory_60s/mce_b128_lambda1_pilot/profiles/seed0_ContainerYard_7_1216_60s_custom.jsonl,context_memory_60s/mce_b128_lambda1_pilot,ContainerYard_7,1216,mce,128,cpu,60,1825,24,24,complete,128,165.0,6.375,4.758983612060547,16.303133964538574,18.447265625,4197.058609663043,356.8721429146826,15.516180126725331,25.62658516736701,1.0677743819736254,0.2730233953334391,0.011375974805559963
context_memory_60s/mce_b128_lambda1_pilot/profiles/seed0_AncientTempleEnv_5_1368_60s_custom.jsonl,context_memory_60s/mce_b128_lambda1_pilot,AncientTempleEnv_5,1368,mce,128,cpu,60,1825,24,24,complete,128,165.0,6.375,4.72271728515625,16.307581901550293,18.4765625,4157.487669372,358.37671680236235,15.581596382711407,25.792744029313326,1.0746976678880553,0.2927516810595989,0.012197986710816622
context_memory_60s/mce_b128_lambda1_pilot/profiles/seed0_ChemicalPlantEnv_5_3648_60s_custom.jsonl,context_memory_60s/mce_b128_lambda1_pilot,ChemicalPlantEnv_5,3648,mce,128,cpu,60,1825,24,24,complete,128,165.0,6.375,4.725177764892578,16.30391216278076,18.509765625,4180.865371191874,357.73426486365497,15.553663689724129,25.396207874640822,1.0581753281100343,0.27005384489893913,0.011252243537455797
context_memory_60s/mce_b128_lambda1_pilot/profiles/seed0_ContainerYard_3_3876_60s_custom.jsonl,context_memory_60s/mce_b128_lambda1_pilot,ContainerYard_3,3876,mce,128,cpu,60,1825,24,24,complete,128,165.0,6.375,4.7253570556640625,16.304789543151855,18.447265625,4177.475165399723,357.8502006456256,15.558704375896765,28.73705348884687,1.1973772287019528,0.3388264258392155,0.014117767743300647
context_memory_60s/mce_b128_lambda1_pilot/profiles/seed0_DragonRise_1_3420_60s_custom.jsonl,context_memory_60s/mce_b128_lambda1_pilot,DragonRise_1,3420,mce,128,cpu,60,1825,24,24,complete,128,165.0,6.375,4.759014129638672,16.304789543151855,18.447265625,4175.127147221006,355.47425579978153,15.455402426077457,28.291531955823302,1.1788138314926375,0.23606948694214225,0.00983622862258926
context_memory_60s/mce_b128_lambda1_pilot/profiles/seed0_FeudalJapan_0_2888_60s_custom.jsonl,context_memory_60s/mce_b128_lambda1_pilot,FeudalJapan_0,2888,mce,128,cpu,60,1825,24,24,complete,128,165.0,6.375,4.743282318115234,16.305285453796387,18.1875,4154.24692026386,353.1586024709977,15.354721846565118,25.395681163296103,1.0581533818040043,0.29906273540109396,0.012460947308378914
context_memory_60s/mce_b128_lambda1_pilot/profiles/seed0_IslandMap_2_0456_60s_custom.jsonl,context_memory_60s/mce_b128_lambda1_pilot,IslandMap_2,456,mce,128,cpu,60,1825,24,24,complete,128,165.0,6.375,4.725578308105469,16.30402660369873,18.33203125,4183.912582192104,357.3519886233844,15.537042983625408,25.454713413491845,1.0606130588954936,0.3505927212536335,0.01460803005223473
context_memory_60s/mce_b128_lambda1_pilot/profiles/seed0_FeudalJapan_2_0684_60s_custom.jsonl,context_memory_60s/mce_b128_lambda1_pilot,FeudalJapan_2,684,mce,128,cpu,60,1825,24,24,complete,128,165.0,6.375,4.742340087890625,16.30549907684326,18.384765625,4153.442453905009,360.2336670793593,15.66233335127649,25.394349338952452,1.0580978891230188,0.5067319055087864,0.021113829396199435
context_memory_60s/future_view_coverage_b32_pilot/profiles/seed0_AncientTempleEnv_5_1368_60s_custom.jsonl,context_memory_60s/future_view_coverage_b32_pilot,AncientTempleEnv_5,1368,future_view_coverage,32,cpu,60,1825,24,24,complete,32,41.25,1.593994140625,4.732887268066406,16.307581901550293,18.4765625,3871.816036296077,86.2894432330504,3.7517149231761047,29.241215576417744,1.2183839823507394,0.03251024428755045,0.0013545935119812687
context_memory_60s/future_view_coverage_b32_pilot/profiles/seed0_ContainerYard_3_3876_60s_custom.jsonl,context_memory_60s/future_view_coverage_b32_pilot,ContainerYard_3,3876,future_view_coverage,32,cpu,60,1825,24,24,complete,32,41.25,1.593994140625,4.8119659423828125,16.308743476867676,18.513671875,3868.5666588116437,86.61484522465616,3.765862835854616,29.608435313217342,1.2336848047173892,0.02181733027100563,0.000909055427958568
context_memory_60s/future_view_coverage_b32_pilot/profiles/seed0_FeudalJapan_0_2888_60s_custom.jsonl,context_memory_60s/future_view_coverage_b32_pilot,FeudalJapan_0,2888,future_view_coverage,32,cpu,60,1825,24,24,complete,32,41.25,1.593994140625,4.812477111816406,16.30391216278076,18.509765625,3871.7442189669237,86.46392328385264,3.759301012341419,27.41094004549086,1.1421225018954526,0.04135173466056585,0.001722988944190244
context_memory_60s/density_b32_view_coverage/profiles/seed0_Warehouse_0_3496_60s_custom.jsonl,context_memory_60s/density_b32_view_coverage,Warehouse_0,3496,density_balanced_view_coverage,32,cpu,60,1825,24,24,complete,32,41.25,1.593994140625,4.839149475097656,16.305737495422363,18.33203125,3857.484474333003,89.54715037078131,3.8933543639470134,27.676417293027043,1.1531840538761269,0.038964997278526425,0.0016235415532719344
context_memory_60s/density_b32_view_coverage/profiles/seed0_DragonRise_9_3876_60s_custom.jsonl,context_memory_60s/density_b32_view_coverage,DragonRise_9,3876,density_balanced_view_coverage,32,cpu,60,1825,24,24,complete,32,41.25,1.593994140625,4.839168548583984,16.30385112762451,18.447265625,3846.148507390986,88.80374682857655,3.861032470807676,27.274217330035754,1.136425722084823,0.01963611296378076,0.000818171373490865
context_memory_60s/density_b32_view_coverage/profiles/seed0_ClothingStore_1_0456_60s_custom.jsonl,context_memory_60s/density_b32_view_coverage,ClothingStore_1,456,density_balanced_view_coverage,32,cpu,60,1825,24,24,complete,32,41.25,1.593994140625,4.835193634033203,16.303339958190918,18.447265625,3859.3570403649937,89.80891283438541,3.904735340625453,27.773276538122445,1.157219855755102,0.02716270089149475,0.0011317792038122814
context_memory_60s/density_b32_view_coverage/profiles/seed0_ContainerYard_9_2584_60s_custom.jsonl,context_memory_60s/density_b32_view_coverage,ContainerYard_9,2584,density_balanced_view_coverage,32,cpu,60,1825,24,24,complete,32,41.25,1.593994140625,4.840507507324219,16.306180000305176,18.447265625,3852.0934093520045,89.86146101681516,3.9070200442093546,28.069766268483363,1.1695735945201402,0.01894529419951141,0.0007893872583129754
context_memory_60s/density_b32_view_coverage/profiles/seed0_ClothingStore_6_2964_60s_custom.jsonl,context_memory_60s/density_b32_view_coverage,ClothingStore_6,2964,density_balanced_view_coverage,32,cpu,60,1825,24,24,complete,32,41.25,1.593994140625,4.835113525390625,16.305928230285645,18.447265625,3854.6898472360335,90.50838591577485,3.9351472137293415,28.120322991278954,1.171680124636623,0.018998107057996094,0.0007915877940831706
context_memory_60s/density_b32_view_coverage/profiles/seed0_AnimeCitySuburbs_5_0608_60s_custom.jsonl,context_memory_60s/density_b32_view_coverage,AnimeCitySuburbs_5,608,density_balanced_view_coverage,32,cpu,60,1825,24,24,complete,32,41.25,1.593994140625,4.836635589599609,16.308743476867676,18.513671875,3870.7350765420124,94.08074600005057,4.090467217393503,35.1318362809252,1.4638265117052167,0.04601732234004885,0.0019173884308353688
context_memory_60s/density_b32_view_coverage/profiles/seed0_FeudalJapan_3_1444_60s_custom.jsonl,context_memory_60s/density_b32_view_coverage,FeudalJapan_3,1444,density_balanced_view_coverage,32,cpu,60,1825,24,24,complete,32,41.25,1.593994140625,4.837791442871094,16.30414867401123,18.1875,3850.3232974510174,89.39633226685692,3.8867970550807356,27.82002062816173,1.1591675261734053,0.019171438994817436,0.0007988099581173932
context_memory_60s/density_b32_view_coverage/profiles/seed0_ContainerYard_7_1216_60s_custom.jsonl,context_memory_60s/density_b32_view_coverage,ContainerYard_7,1216,density_balanced_view_coverage,32,cpu,60,1825,24,24,complete,32,41.25,1.593994140625,4.838172912597656,16.303133964538574,18.447265625,3859.215478379978,90.21937504201196,3.9225815235657375,29.35433327476494,1.2230972197818726,0.04307099699508399,0.001794624874795166
context_memory_60s/density_b32_view_coverage/profiles/seed0_AncientTempleEnv_5_1368_60s_custom.jsonl,context_memory_60s/density_b32_view_coverage,AncientTempleEnv_5,1368,density_balanced_view_coverage,32,cpu,60,1825,24,24,complete,32,41.25,1.593994140625,4.820308685302734,16.307581901550293,18.4765625,3855.6309791409876,90.09346876491327,3.9171073376049246,31.214363758219406,1.3005984899258085,0.018134923768229783,0.000755621823676241
context_memory_60s/density_b32_view_coverage/profiles/seed0_ChemicalPlantEnv_5_3648_60s_custom.jsonl,context_memory_60s/density_b32_view_coverage,ChemicalPlantEnv_5,3648,density_balanced_view_coverage,32,cpu,60,1825,24,24,complete,32,41.25,1.593994140625,4.837059020996094,16.30391216278076,18.509765625,3851.8024219779763,90.08478809613734,3.9167299172233627,27.77087447710801,1.1571197698795004,0.02145126590039581,0.0008938027458498254
context_memory_60s/density_b32_view_coverage/profiles/seed0_ContainerYard_3_3876_60s_custom.jsonl,context_memory_60s/density_b32_view_coverage,ContainerYard_3,3876,density_balanced_view_coverage,32,cpu,60,1825,24,24,complete,32,41.25,1.593994140625,4.8380584716796875,16.304789543151855,18.447265625,3853.606829851982,88.9770062911557,3.868565490919813,29.490640432573855,1.2287766846905772,0.019001885200850666,0.0007917452167021111
context_memory_60s/density_b32_view_coverage/profiles/seed0_DragonRise_1_3420_60s_custom.jsonl,context_memory_60s/density_b32_view_coverage,DragonRise_1,3420,density_balanced_view_coverage,32,cpu,60,1825,24,24,complete,32,41.25,1.593994140625,4.839122772216797,16.304789543151855,18.447265625,3856.3230573439505,89.70477495202795,3.9002076066099107,28.591477435315028,1.1913115598047928,0.02682642312720418,0.0011177676303001742
context_memory_60s/density_b32_view_coverage/profiles/seed0_FeudalJapan_0_2888_60s_custom.jsonl,context_memory_60s/density_b32_view_coverage,FeudalJapan_0,2888,density_balanced_view_coverage,32,cpu,60,1825,24,24,complete,32,41.25,1.593994140625,4.838214874267578,16.305285453796387,18.1875,3858.9890412909444,89.21434987499379,3.878884777173643,29.54107139457483,1.2308779747739511,0.025731179281137884,0.0010721324700474117
context_memory_60s/density_b32_view_coverage/profiles/seed0_IslandMap_2_0456_60s_custom.jsonl,context_memory_60s/density_b32_view_coverage,IslandMap_2,456,density_balanced_view_coverage,32,cpu,60,1825,24,24,complete,32,41.25,1.593994140625,4.83624267578125,16.30402660369873,18.33203125,3858.957615582971,90.3891153363511,3.9299615363630913,30.079178080079146,1.2532990866699645,0.03486305312253535,0.0014526272134389728
context_memory_60s/density_b32_view_coverage/profiles/seed0_FeudalJapan_2_0684_60s_custom.jsonl,context_memory_60s/density_b32_view_coverage,FeudalJapan_2,684,density_balanced_view_coverage,32,cpu,60,1825,24,24,complete,32,41.25,1.593994140625,4.838188171386719,16.30549907684326,18.384765625,3849.5543319010176,89.67003323091194,3.8986970969961714,27.470676196855493,1.1446115082023123,0.018503339495509863,0.0007709724789795777
context_memory_60s/mce_b16_lambda1_pilot/profiles/seed0_Warehouse_0_3496_60s_custom.jsonl,context_memory_60s/mce_b16_lambda1_pilot,Warehouse_0,3496,mce,16,cpu,60,1825,24,24,complete,16,20.625,0.796875,4.891551971435547,16.305737495422363,18.33203125,3842.7875261562876,42.98394794203341,1.8688673018275395,24.74641377525404,1.0311005739689183,1.6558861746452749,0.06899525727688645
context_memory_60s/mce_b16_lambda1_pilot/profiles/seed0_DragonRise_9_3876_60s_custom.jsonl,context_memory_60s/mce_b16_lambda1_pilot,DragonRise_9,3876,mce,16,cpu,60,1825,24,24,complete,16,20.625,0.796875,4.890583038330078,16.30385112762451,18.447265625,3846.989141704049,43.244425921700895,1.8801924313782998,24.61181772965938,1.025492405402474,1.4717047079466283,0.06132102949777618
context_memory_60s/mce_b16_lambda1_pilot/profiles/seed0_ClothingStore_1_0456_60s_custom.jsonl,context_memory_60s/mce_b16_lambda1_pilot,ClothingStore_1,456,mce,16,cpu,60,1825,24,24,complete,16,20.625,0.796875,4.810203552246094,16.303339958190918,18.447265625,3878.7980371513404,43.541528530884534,1.8931099361254144,24.692264577839524,1.0288443574099801,1.5024931384250522,0.0626038807677105
context_memory_60s/mce_b16_lambda1_pilot/profiles/seed0_ContainerYard_9_2584_60s_custom.jsonl,context_memory_60s/mce_b16_lambda1_pilot,ContainerYard_9,2584,mce,16,cpu,60,1825,24,24,complete,16,20.625,0.796875,4.889507293701172,16.306180000305176,18.447265625,3852.8491086373106,43.40398864587769,1.887129941125117,24.592387539334595,1.0246828141389415,1.7530436874367297,0.0730434869765304
context_memory_60s/mce_b16_lambda1_pilot/profiles/seed0_ClothingStore_6_2964_60s_custom.jsonl,context_memory_60s/mce_b16_lambda1_pilot,ClothingStore_6,2964,mce,16,cpu,60,1825,24,24,complete,16,20.625,0.796875,4.810222625732422,16.305928230285645,18.447265625,3837.580715451855,43.78225223533809,1.9035761841451344,24.66787365078926,1.0278280687828858,1.3923180624842644,0.05801325260351101
context_memory_60s/mce_b16_lambda1_pilot/profiles/seed0_AnimeCitySuburbs_5_0608_60s_custom.jsonl,context_memory_60s/mce_b16_lambda1_pilot,AnimeCitySuburbs_5,608,mce,16,cpu,60,1825,24,24,complete,16,20.625,0.796875,4.810146331787109,16.308743476867676,18.513671875,3895.7627208484337,43.24271719483659,1.8801181389059385,24.633445562329143,1.0263935650970477,1.682678154669702,0.07011158977790426
context_memory_60s/mce_b16_lambda1_pilot/profiles/seed0_FeudalJapan_3_1444_60s_custom.jsonl,context_memory_60s/mce_b16_lambda1_pilot,FeudalJapan_3,1444,mce,16,cpu,60,1825,24,24,complete,16,20.625,0.796875,4.810245513916016,16.30414867401123,18.1875,3858.411573780235,43.83148911083117,1.9057169178622249,24.813969447743148,1.0339153936559644,1.2646898436360061,0.052695410151500255
context_memory_60s/mce_b16_lambda1_pilot/profiles/seed0_ContainerYard_7_1216_60s_custom.jsonl,context_memory_60s/mce_b16_lambda1_pilot,ContainerYard_7,1216,mce,16,cpu,60,1825,24,24,complete,16,20.625,0.796875,4.890529632568359,16.303133964538574,18.447265625,3849.8395222709514,43.1423693257384,1.8757551880755827,24.680292801000178,1.0283455333750073,1.7415508129633963,0.07256461720680818
context_memory_60s/mce_b16_lambda1_pilot/profiles/seed0_AncientTempleEnv_5_1368_60s_custom.jsonl,context_memory_60s/mce_b16_lambda1_pilot,AncientTempleEnv_5,1368,mce,16,cpu,60,1825,24,24,complete,16,20.625,0.796875,4.871406555175781,16.307581901550293,18.4765625,3859.1797749376856,42.943641991820186,1.8671148692095734,24.944462346844375,1.0393525977851823,1.661081480793655,0.06921172836640228
context_memory_60s/mce_b16_lambda1_pilot/profiles/seed0_ChemicalPlantEnv_5_3648_60s_custom.jsonl,context_memory_60s/mce_b16_lambda1_pilot,ChemicalPlantEnv_5,3648,mce,16,cpu,60,1825,24,24,complete,16,20.625,0.796875,4.809001922607422,16.30391216278076,18.509765625,3841.7215758152306,42.203922977205366,1.8349531729219724,26.202230808790773,1.0917596170329489,1.6892859893850982,0.07038691622437909
context_memory_60s/mce_b16_lambda1_pilot/profiles/seed0_ContainerYard_3_3876_60s_custom.jsonl,context_memory_60s/mce_b16_lambda1_pilot,ContainerYard_3,3876,mce,16,cpu,60,1825,24,24,complete,16,20.625,0.796875,4.810783386230469,16.304789543151855,18.447265625,3848.785482224077,42.17078559519723,1.8335124171824884,24.624481660779566,1.0260200691991486,1.7665446805767715,0.07360602835736547
context_memory_60s/mce_b16_lambda1_pilot/profiles/seed0_DragonRise_1_3420_60s_custom.jsonl,context_memory_60s/mce_b16_lambda1_pilot,DragonRise_1,3420,mce,16,cpu,60,1825,24,24,complete,16,20.625,0.796875,4.889381408691406,16.304789543151855,18.447265625,3844.7905242550187,43.00637729326263,1.8698424910114186,24.600409143604338,1.0250170476501808,1.7374089732766151,0.0723920405531923
context_memory_60s/mce_b16_lambda1_pilot/profiles/seed0_FeudalJapan_0_2888_60s_custom.jsonl,context_memory_60s/mce_b16_lambda1_pilot,FeudalJapan_0,2888,mce,16,cpu,60,1825,24,24,complete,16,20.625,0.796875,4.890064239501953,16.305285453796387,18.1875,3875.1284485929646,42.62047044374049,1.853063932336543,24.674063227139413,1.0280859677974756,1.8540548728778958,0.07725228636991233
context_memory_60s/mce_b16_lambda1_pilot/profiles/seed0_IslandMap_2_0456_60s_custom.jsonl,context_memory_60s/mce_b16_lambda1_pilot,IslandMap_2,456,mce,16,cpu,60,1825,24,24,complete,16,20.625,0.796875,4.889717102050781,16.30402660369873,18.33203125,3851.534885471221,43.57352217612788,1.894500964179473,24.65679175965488,1.0273663233189534,1.5497615919448435,0.06457339966436848
context_memory_60s/mce_b16_lambda1_pilot/profiles/seed0_FeudalJapan_2_0684_60s_custom.jsonl,context_memory_60s/mce_b16_lambda1_pilot,FeudalJapan_2,684,mce,16,cpu,60,1825,24,24,complete,16,20.625,0.796875,4.891506195068359,16.30549907684326,18.384765625,3831.472089935094,43.064377076458186,1.8723642207155733,24.679746944922954,1.0283227893717897,1.874804433900863,0.07811685141253595
context_memory_60s/mce_b64_lambda1_pilot/profiles/seed0_Warehouse_0_3496_60s_custom.jsonl,context_memory_60s/mce_b64_lambda1_pilot,Warehouse_0,3496,mce,64,cpu,60,1825,24,24,complete,64,82.5,3.1875,4.815387725830078,16.305737495422363,18.33203125,3981.949166781269,178.28430566377938,7.751491550599104,25.03702448308468,1.0432093534618616,0.365111599676311,0.015212983319846293
context_memory_60s/mce_b64_lambda1_pilot/profiles/seed0_DragonRise_9_3876_60s_custom.jsonl,context_memory_60s/mce_b64_lambda1_pilot,DragonRise_9,3876,mce,64,cpu,60,1825,24,24,complete,64,82.5,3.1875,4.8308563232421875,16.30385112762451,18.447265625,3993.8954801992513,181.42348808795214,7.88797774295444,25.48192608822137,1.0617469203425571,0.40224593691527843,0.016760247371469934
context_memory_60s/mce_b64_lambda1_pilot/profiles/seed0_ClothingStore_1_0456_60s_custom.jsonl,context_memory_60s/mce_b64_lambda1_pilot,ClothingStore_1,456,mce,64,cpu,60,1825,24,24,complete,64,82.5,3.1875,4.831058502197266,16.303339958190918,18.447265625,4009.43017914379,182.3739949595183,7.929304128674709,25.12426226725802,1.0468442611357507,0.6119131208397448,0.025496380034989368
context_memory_60s/mce_b64_lambda1_pilot/profiles/seed0_ContainerYard_9_2584_60s_custom.jsonl,context_memory_60s/mce_b64_lambda1_pilot,ContainerYard_9,2584,mce,64,cpu,60,1825,24,24,complete,64,82.5,3.1875,4.8313751220703125,16.306180000305176,18.447265625,4002.3471107669175,181.3735049138777,7.885804561472943,27.001534945797175,1.1250639560748823,0.24699586257338524,0.010291494273891052
context_memory_60s/mce_b64_lambda1_pilot/profiles/seed0_ClothingStore_6_2964_60s_custom.jsonl,context_memory_60s/mce_b64_lambda1_pilot,ClothingStore_6,2964,mce,64,cpu,60,1825,24,24,complete,64,82.5,3.1875,4.847991943359375,16.305928230285645,18.447265625,3987.1779867499135,181.87569123879075,7.907638749512642,25.05913730803877,1.0441307211682822,0.2734909476712346,0.011395456152968109
context_memory_60s/mce_b64_lambda1_pilot/profiles/seed0_AnimeCitySuburbs_5_0608_60s_custom.jsonl,context_memory_60s/mce_b64_lambda1_pilot,AnimeCitySuburbs_5,608,mce,64,cpu,60,1825,24,24,complete,64,82.5,3.1875,4.813560485839844,16.308743476867676,18.513671875,3991.8407137207687,180.4043364468962,7.843666802038965,25.066130715422332,1.0444221131425973,0.48851559357717633,0.020354816399049014
context_memory_60s/mce_b64_lambda1_pilot/profiles/seed0_FeudalJapan_3_1444_60s_custom.jsonl,context_memory_60s/mce_b64_lambda1_pilot,FeudalJapan_3,1444,mce,64,cpu,60,1825,24,24,complete,64,82.5,3.1875,4.8308868408203125,16.30414867401123,18.1875,3998.28289823886,180.18894526036456,7.834301967841937,25.018283289391547,1.0424284703913145,0.46352667128667235,0.01931361130361135
context_memory_60s/mce_b64_lambda1_pilot/profiles/seed0_ContainerYard_7_1216_60s_custom.jsonl,context_memory_60s/mce_b64_lambda1_pilot,ContainerYard_7,1216,mce,64,cpu,60,1825,24,24,complete,64,82.5,3.1875,4.8313446044921875,16.303133964538574,18.447265625,3998.377992620226,180.8886520252563,7.8647240010981,25.204381950665265,1.0501825812777195,0.20572469662874937,0.008571862359531224
context_memory_60s/mce_b64_lambda1_pilot/profiles/seed0_AncientTempleEnv_5_1368_60s_custom.jsonl,context_memory_60s/mce_b64_lambda1_pilot,AncientTempleEnv_5,1368,mce,64,cpu,60,1825,24,24,complete,64,82.5,3.1875,4.8121185302734375,16.307581901550293,18.4765625,3992.715070869308,180.80763698136434,7.861201607885406,26.52215391024947,1.1050897462603946,0.19585486687719822,0.008160619453216592
context_memory_60s/mce_b64_lambda1_pilot/profiles/seed0_ChemicalPlantEnv_5_3648_60s_custom.jsonl,context_memory_60s/mce_b64_lambda1_pilot,ChemicalPlantEnv_5,3648,mce,64,cpu,60,1825,24,24,complete,64,82.5,3.1875,4.813545227050781,16.30391216278076,18.509765625,3990.0881116832606,181.82628714479506,7.9054907454258725,25.102960225194693,1.045956676049779,0.34081554925069213,0.014200647885445505
context_memory_60s/mce_b64_lambda1_pilot/profiles/seed0_ContainerYard_3_3876_60s_custom.jsonl,context_memory_60s/mce_b64_lambda1_pilot,ContainerYard_3,3876,mce,64,cpu,60,1825,24,24,complete,64,82.5,3.1875,4.8472900390625,16.304789543151855,18.447265625,3982.4810493262485,178.65831857547164,7.7677529815422455,25.00534860091284,1.041889525038035,0.5698575461283326,0.02374406442201386
context_memory_60s/mce_b64_lambda1_pilot/profiles/seed0_DragonRise_1_3420_60s_custom.jsonl,context_memory_60s/mce_b64_lambda1_pilot,DragonRise_1,3420,mce,64,cpu,60,1825,24,24,complete,64,82.5,3.1875,4.814029693603516,16.304789543151855,18.447265625,3998.446659386158,180.7305982755497,7.857852098936944,27.124697574414313,1.130195732267263,0.43563047563657165,0.018151269818190485
context_memory_60s/mce_b64_lambda1_pilot/profiles/seed0_FeudalJapan_0_2888_60s_custom.jsonl,context_memory_60s/mce_b64_lambda1_pilot,FeudalJapan_0,2888,mce,64,cpu,60,1825,24,24,complete,64,82.5,3.1875,4.8307037353515625,16.305285453796387,18.1875,4027.437172866892,177.98469752818346,7.73846510992102,25.169915834907442,1.0487464931211434,0.5119423787109554,0.021330932446289808
context_memory_60s/mce_b64_lambda1_pilot/profiles/seed0_IslandMap_2_0456_60s_custom.jsonl,context_memory_60s/mce_b64_lambda1_pilot,IslandMap_2,456,mce,64,cpu,60,1825,24,24,complete,64,82.5,3.1875,4.814105987548828,16.30402660369873,18.33203125,3998.661430821754,180.9226525076665,7.866202282942021,27.235734748654068,1.1348222811939195,0.3423422942869365,0.014264262261955688
context_memory_60s/mce_b64_lambda1_pilot/profiles/seed0_FeudalJapan_2_0684_60s_custom.jsonl,context_memory_60s/mce_b64_lambda1_pilot,FeudalJapan_2,684,mce,64,cpu,60,1825,24,24,complete,64,82.5,3.1875,4.830890655517578,16.30549907684326,18.384765625,3989.4658277262934,181.7479381589219,7.902084267779213,25.05264607584104,1.0438602531600434,0.2227506642229855,0.00928127767595773
context_memory_60s/coverage_hysteresis_b32_t0p90_s75_r25_k3/profiles/seed0_Warehouse_0_3496_60s_custom.jsonl,context_memory_60s/coverage_hysteresis_b32_t0p90_s75_r25_k3,Warehouse_0,3496,coverage_hysteresis,32,cpu,60,1825,24,24,complete,32,41.25,1.5441818237304688,4.733753204345703,16.305737495422363,18.33203125,3940.791624106001,71.87726714301971,3.1250985714356396,30.825464682027814,1.2843943617511588,0.016446250010631047,0.0006852604171096269
context_memory_60s/coverage_hysteresis_b32_t0p90_s75_r25_k3/profiles/seed0_DragonRise_9_3876_60s_custom.jsonl,context_memory_60s/coverage_hysteresis_b32_t0p90_s75_r25_k3,DragonRise_9,3876,coverage_hysteresis,32,cpu,60,1825,24,24,complete,32,41.25,1.5441818237304688,4.736553192138672,16.30385112762451,18.447265625,3936.4114386700094,66.29773819696857,2.8825103563899375,36.02554599499854,1.5010644164582725,0.016156994010088965,0.0006732080837537069
context_memory_60s/coverage_hysteresis_b32_t0p90_s75_r25_k3/profiles/seed0_ClothingStore_1_0456_60s_custom.jsonl,context_memory_60s/coverage_hysteresis_b32_t0p90_s75_r25_k3,ClothingStore_1,456,coverage_hysteresis,32,cpu,60,1825,24,24,complete,32,41.25,1.5441818237304688,4.737548828125,16.303339958190918,18.447265625,3946.840628199003,66.39252128705266,2.8866313603066374,33.40537523396779,1.391890634748658,0.009370863946969621,0.00039045266445706755
context_memory_60s/coverage_hysteresis_b32_t0p90_s75_r25_k3/profiles/seed0_ContainerYard_9_2584_60s_custom.jsonl,context_memory_60s/coverage_hysteresis_b32_t0p90_s75_r25_k3,ContainerYard_9,2584,coverage_hysteresis,32,cpu,60,1825,24,24,complete,32,41.25,1.5441818237304688,4.720672607421875,16.306180000305176,18.447265625,3932.1868100669963,69.35694802096987,3.0155194791726028,31.311413878036547,1.3046422449181894,0.024672340994584374,0.0010280142081076822
context_memory_60s/coverage_hysteresis_b32_t0p90_s75_r25_k3/profiles/seed0_ClothingStore_6_2964_60s_custom.jsonl,context_memory_60s/coverage_hysteresis_b32_t0p90_s75_r25_k3,ClothingStore_6,2964,coverage_hysteresis,32,cpu,60,1825,24,24,complete,32,41.25,1.5441818237304688,4.7196807861328125,16.305928230285645,18.447265625,3948.8515884610097,71.13525735997246,3.0928372765205414,34.244495486986125,1.4268539786244219,0.00996165198739618,0.0004150688328081742
context_memory_60s/coverage_hysteresis_b32_t0p90_s75_r25_k3/profiles/seed0_AnimeCitySuburbs_5_0608_60s_custom.jsonl,context_memory_60s/coverage_hysteresis_b32_t0p90_s75_r25_k3,AnimeCitySuburbs_5,608,coverage_hysteresis,32,cpu,60,1825,24,24,complete,32,41.25,1.593994140625,4.7187957763671875,16.308743476867676,18.513671875,3927.423359410008,62.79221659095492,2.730096373519779,33.06071080001129,1.3775296166671371,0.015047782973852009,0.0006269909572438337
context_memory_60s/coverage_hysteresis_b32_t0p90_s75_r25_k3/profiles/seed0_FeudalJapan_3_1444_60s_custom.jsonl,context_memory_60s/coverage_hysteresis_b32_t0p90_s75_r25_k3,FeudalJapan_3,1444,coverage_hysteresis,32,cpu,60,1825,24,24,complete,32,41.25,1.5441818237304688,4.720256805419922,16.30414867401123,18.1875,3951.6147141780093,73.3299350530142,3.188258045783226,35.75317808003456,1.4897157533347734,0.02655529802723322,0.0011064707511347176
context_memory_60s/coverage_hysteresis_b32_t0p90_s75_r25_k3/profiles/seed0_ContainerYard_7_1216_60s_custom.jsonl,context_memory_60s/coverage_hysteresis_b32_t0p90_s75_r25_k3,ContainerYard_7,1216,coverage_hysteresis,32,cpu,60,1825,24,24,complete,32,41.25,1.593994140625,4.736549377441406,16.303133964538574,18.447265625,3929.166998069006,62.739817279041745,2.7278181425670325,31.631353514036164,1.31797306308484,0.010167005952098407,0.0004236252480041003
context_memory_60s/coverage_hysteresis_b32_t0p90_s75_r25_k3/profiles/seed0_AncientTempleEnv_5_1368_60s_custom.jsonl,context_memory_60s/coverage_hysteresis_b32_t0p90_s75_r25_k3,AncientTempleEnv_5,1368,coverage_hysteresis,32,cpu,60,1825,24,24,complete,32,41.25,1.5441818237304688,4.715900421142578,16.307581901550293,18.4765625,3948.916547332992,72.08311794701149,3.134048606391804,36.57391373500286,1.523913072291786,0.016957193962298334,0.0007065497484290972
context_memory_60s/coverage_hysteresis_b32_t0p90_s75_r25_k3/profiles/seed0_ChemicalPlantEnv_5_3648_60s_custom.jsonl,context_memory_60s/coverage_hysteresis_b32_t0p90_s75_r25_k3,ChemicalPlantEnv_5,3648,coverage_hysteresis,32,cpu,60,1825,24,24,complete,32,41.25,1.5441818237304688,4.736522674560547,16.30391216278076,18.509765625,3920.1168473279977,60.28001535203657,2.6208702326972424,32.681210484937765,1.3617171035390736,0.009768643998540938,0.0004070268332725391
context_memory_60s/coverage_hysteresis_b32_t0p90_s75_r25_k3/profiles/seed0_ContainerYard_3_3876_60s_custom.jsonl,context_memory_60s/coverage_hysteresis_b32_t0p90_s75_r25_k3,ContainerYard_3,3876,coverage_hysteresis,32,cpu,60,1825,24,24,complete,24,30.9375,1.1456832885742188,4.730350494384766,16.304789543151855,18.447265625,3917.496634373005,46.65776240597188,2.028598365477038,32.75495281399344,1.36478970058306,0.02203349104092922,0.0009180621267053842
context_memory_60s/coverage_hysteresis_b32_t0p90_s75_r25_k3/profiles/seed0_DragonRise_1_3420_60s_custom.jsonl,context_memory_60s/coverage_hysteresis_b32_t0p90_s75_r25_k3,DragonRise_1,3420,coverage_hysteresis,32,cpu,60,1825,24,24,complete,29,37.3828125,1.394744873046875,4.719642639160156,16.304789543151855,18.447265625,3932.6910548640008,50.936445500992704,2.2146280652605523,34.50777534698136,1.4378239727908901,0.008897955980501138,0.00037074816585421405
context_memory_60s/coverage_hysteresis_b32_t0p90_s75_r25_k3/profiles/seed0_FeudalJapan_0_2888_60s_custom.jsonl,context_memory_60s/coverage_hysteresis_b32_t0p90_s75_r25_k3,FeudalJapan_0,2888,coverage_hysteresis,32,cpu,60,1825,24,24,complete,28,36.09375,1.3449325561523438,4.730659484863281,16.305285453796387,18.1875,3924.303893421995,57.60688523206045,2.504647184002628,34.267750443978,1.42782293516575,0.02838135400088504,0.0011825564167035434
context_memory_60s/coverage_hysteresis_b32_t0p90_s75_r25_k3/profiles/seed0_IslandMap_2_0456_60s_custom.jsonl,context_memory_60s/coverage_hysteresis_b32_t0p90_s75_r25_k3,IslandMap_2,456,coverage_hysteresis,32,cpu,60,1825,24,24,complete,31,39.9609375,1.4943695068359375,4.721759796142578,16.30402660369873,18.33203125,3926.248415038004,57.872015744040255,2.5161745975669674,32.5702572879818,1.3570940536659084,0.008821996016195044,0.0003675831673414602
context_memory_60s/coverage_hysteresis_b32_t0p90_s75_r25_k3/profiles/seed0_FeudalJapan_2_0684_60s_custom.jsonl,context_memory_60s/coverage_hysteresis_b32_t0p90_s75_r25_k3,FeudalJapan_2,684,coverage_hysteresis,32,cpu,60,1825,24,24,complete,30,38.671875,1.4445571899414062,4.721336364746094,16.30549907684326,18.384765625,3960.5756737829943,66.84223515202757,2.906184137044677,34.49904221700854,1.4374600923753558,0.008631170945591293,0.00035963212273297057
context_memory_60s/mce_b32_pilot/profiles/seed0_AncientTempleEnv_5_1368_60s_custom.jsonl,context_memory_60s/mce_b32_pilot,AncientTempleEnv_5,1368,mce,32,cpu,60,1825,24,24,complete,32,41.25,1.59375,4.779693603515625,16.307581901550293,18.4765625,3894.937097192742,89.1086816592142,3.8742905069223563,28.880124784074724,1.20333853266978,0.5003564842045307,0.020848186841855448
context_memory_60s/mce_b32_pilot/profiles/seed0_ContainerYard_3_3876_60s_custom.jsonl,context_memory_60s/mce_b32_pilot,ContainerYard_3,3876,mce,32,cpu,60,1825,24,24,complete,32,41.25,1.59375,4.856529235839844,16.308743476867676,18.513671875,3895.060092335567,88.23917888384312,3.836486038427962,27.001443923451006,1.1250601634771253,0.4929490778595209,0.020539544910813372
context_memory_60s/mce_b32_pilot/profiles/seed0_FeudalJapan_0_2888_60s_custom.jsonl,context_memory_60s/mce_b32_pilot,FeudalJapan_0,2888,mce,32,cpu,60,1825,24,24,complete,32,41.25,1.59375,4.857341766357422,16.30391216278076,18.509765625,3891.272383177653,87.70879221800715,3.8134257486090064,25.256149905733764,1.0523395794055734,0.401274086907506,0.016719753621146083
context_memory_60s/fifo_b16/profiles/seed0_Warehouse_0_3496_60s_custom.jsonl,context_memory_60s/fifo_b16,Warehouse_0,3496,fifo,16,cpu,60,1825,24,24,complete,16,20.625,0.0,4.740001678466797,15.982149124145508,17.833984375,3745.543479945045,34.79575200518593,1.5128587828341709,0.10705432808026671,0.004460597003344446,0.033153409603983164,0.0013813920668326318
context_memory_60s/fifo_b16/profiles/seed0_DragonRise_9_3876_60s_custom.jsonl,context_memory_60s/fifo_b16,DragonRise_9,3876,fifo,16,cpu,60,1825,24,24,complete,16,20.625,0.0,4.738189697265625,15.981843948364258,18.072265625,3778.9162016841583,35.303751159925014,1.5349457026054354,0.1101481313817203,0.004589505474238346,0.3387810830026865,0.014115878458445271
context_memory_60s/fifo_b16/profiles/seed0_ClothingStore_1_0456_60s_custom.jsonl,context_memory_60s/fifo_b16,ClothingStore_1,456,fifo,16,cpu,60,1825,24,24,complete,16,20.625,0.0,4.740985870361328,15.981378555297852,17.923828125,3751.934085838031,35.34886585082859,1.5369072109055908,0.12959836795926094,0.005399931998302539,0.03847595816478133,0.0016031649235325556
context_memory_60s/fifo_b16/profiles/seed0_ContainerYard_9_2584_60s_custom.jsonl,context_memory_60s/fifo_b16,ContainerYard_9,2584,fifo,16,cpu,60,1825,24,24,complete,16,20.625,0.0,4.739204406738281,15.98246955871582,17.802734375,3766.9238480147906,35.450463994871825,1.5413245215161664,0.1275524073280394,0.005314683638668309,0.03683187114074826,0.0015346612975311775
context_memory_60s/fifo_b16/profiles/seed0_ClothingStore_6_2964_60s_custom.jsonl,context_memory_60s/fifo_b16,ClothingStore_6,2964,fifo,16,cpu,60,1825,24,24,complete,16,20.625,0.0,4.738334655761719,15.980661392211914,18.3515625,3754.18828214705,35.18577932566404,1.5298164924201758,0.12835772894322872,0.005348238705967863,0.03554335469380021,0.0014809731122416754
context_memory_60s/fifo_b16/profiles/seed0_AnimeCitySuburbs_5_0608_60s_custom.jsonl,context_memory_60s/fifo_b16,AnimeCitySuburbs_5,608,fifo,16,cpu,60,1825,24,24,complete,16,20.625,0.0,4.738410949707031,15.982263565063477,18.224609375,3761.362059444189,35.15711148455739,1.5285700645459734,0.12928052200004458,0.005386688416668524,0.03605806082487106,0.0015024192010362942
context_memory_60s/fifo_b16/profiles/seed0_FeudalJapan_3_1444_60s_custom.jsonl,context_memory_60s/fifo_b16,FeudalJapan_3,1444,fifo,16,cpu,60,1825,24,24,complete,16,20.625,0.0,4.737762451171875,15.980890274047852,18.228515625,3757.3220781460404,35.0350489532575,1.5232629979677175,0.11457314947620034,0.004773881228175014,0.033195081166923046,0.001383128381955127
context_memory_60s/fifo_b16/profiles/seed0_ContainerYard_7_1216_60s_custom.jsonl,context_memory_60s/fifo_b16,ContainerYard_7,1216,fifo,16,cpu,60,1825,24,24,complete,16,20.625,0.0,4.738761901855469,15.982202529907227,18.197265625,3758.854493495077,35.30984692834318,1.5352107360149208,0.12654760712757707,0.005272816963649045,0.036509590689092875,0.0015212329453788698
context_memory_60s/fifo_b16/profiles/seed0_AncientTempleEnv_5_1368_60s_custom.jsonl,context_memory_60s/fifo_b16,AncientTempleEnv_5,1368,fifo,16,cpu,60,1825,24,24,complete,16,20.625,0.0,4.748699188232422,15.982110977172852,18.16015625,3752.7303844480775,35.20974142011255,1.5308583226135892,0.12101531587541103,0.005042304828142126,0.038294102530926466,0.0015955876054552693
context_memory_60s/fifo_b16/profiles/seed0_ChemicalPlantEnv_5_3648_60s_custom.jsonl,context_memory_60s/fifo_b16,ChemicalPlantEnv_5,3648,fifo,16,cpu,60,1825,24,24,complete,16,20.625,0.0,4.738441467285156,15.980806350708008,17.923828125,3750.4626152073033,35.332048332784325,1.5361760144688836,0.12875325931236148,0.005364719138015062,0.0365444072522223,0.0015226836355092626
context_memory_60s/fifo_b16/profiles/seed0_ContainerYard_3_3876_60s_custom.jsonl,context_memory_60s/fifo_b16,ContainerYard_3,3876,fifo,16,cpu,60,1825,24,24,complete,16,20.625,0.0,4.738506317138672,15.980005264282227,18.123046875,3749.1072085318156,35.007182345259935,1.5220514063156494,0.13972086692228913,0.005821702788428714,0.037615333683788776,0.0015673055701578658
context_memory_60s/fifo_b16/profiles/seed0_DragonRise_1_3420_60s_custom.jsonl,context_memory_60s/fifo_b16,DragonRise_1,3420,fifo,16,cpu,60,1825,24,24,complete,16,20.625,0.0,4.737274169921875,15.981279373168945,17.9375,3751.29956701817,35.20275520114228,1.5305545739627078,0.1331751556135714,0.005548964817232142,0.03815323393791914,0.001589718080746631
context_memory_60s/fifo_b16/profiles/seed0_FeudalJapan_0_2888_60s_custom.jsonl,context_memory_60s/fifo_b16,FeudalJapan_0,2888,fifo,16,cpu,60,1825,24,24,complete,16,20.625,0.0,4.7401123046875,15.980554580688477,18.072265625,3749.725057336036,34.932211180683225,1.518791790464488,0.19213852286338806,0.008005771785974503,0.09599531162530184,0.0039998046510542435
context_memory_60s/fifo_b16/profiles/seed0_IslandMap_2_0456_60s_custom.jsonl,context_memory_60s/fifo_b16,IslandMap_2,456,fifo,16,cpu,60,1825,24,24,complete,16,20.625,0.0,4.7350311279296875,15.982149124145508,17.833984375,3757.3087668758817,34.97776187909767,1.5207722556129422,0.11341406079009175,0.004725585866253823,0.03321807971224189,0.0013840866546767454
context_memory_60s/fifo_b16/profiles/seed0_FeudalJapan_2_0684_60s_custom.jsonl,context_memory_60s/fifo_b16,FeudalJapan_2,684,fifo,16,cpu,60,1825,24,24,complete,16,20.625,0.0,4.737518310546875,15.979990005493164,18.228515625,3753.538589702919,35.18167871190235,1.5296382048653197,0.1321123605594039,0.005504681689975162,0.03483674814924598,0.0014515311728852491
context_memory_60s/slamri_b32_beta0p25_k3/profiles/seed0_Warehouse_0_3496_60s_custom.jsonl,context_memory_60s/slamri_b32_beta0p25_k3,Warehouse_0,3496,slam_ri_blend,32,cpu,60,1825,24,24,complete,32,41.25,1.593994140625,4.723335266113281,16.305737495422363,18.33203125,3934.51739874715,88.22643992956728,3.835932170850751,30.796853193547577,1.2832022163978156,0.014052329584956169,0.0005855137327065071
context_memory_60s/slamri_b32_beta0p25_k3/profiles/seed0_DragonRise_9_3876_60s_custom.jsonl,context_memory_60s/slamri_b32_beta0p25_k3,DragonRise_9,3876,slam_ri_blend,32,cpu,60,1825,24,24,complete,32,41.25,1.593994140625,4.721454620361328,16.30385112762451,18.447265625,3911.4550480297767,89.2144108065404,3.8788874263713216,29.367331080138683,1.2236387950057785,0.014534237794578075,0.0006055932414407531
context_memory_60s/slamri_b32_beta0p25_k3/profiles/seed0_ClothingStore_1_0456_60s_custom.jsonl,context_memory_60s/slamri_b32_beta0p25_k3,ClothingStore_1,456,slam_ri_blend,32,cpu,60,1825,24,24,complete,32,41.25,1.593994140625,4.720767974853516,16.303339958190918,18.447265625,3911.230264624115,90.60689557809383,3.9394302425258187,30.133350741118193,1.2555562808799248,0.0117031903937459,0.0004876329330727458
context_memory_60s/slamri_b32_beta0p25_k3/profiles/seed0_ContainerYard_9_2584_60s_custom.jsonl,context_memory_60s/slamri_b32_beta0p25_k3,ContainerYard_9,2584,slam_ri_blend,32,cpu,60,1825,24,24,complete,32,41.25,1.593994140625,4.72174072265625,16.306180000305176,18.447265625,3913.2093416689895,90.79125259350985,3.947445764935211,33.04896427784115,1.3770401782433812,0.030979021918028593,0.0012907925799178581
context_memory_60s/slamri_b32_beta0p25_k3/profiles/seed0_ClothingStore_6_2964_60s_custom.jsonl,context_memory_60s/slamri_b32_beta0p25_k3,ClothingStore_6,2964,slam_ri_blend,32,cpu,60,1825,24,24,complete,32,41.25,1.593994140625,4.720928192138672,16.305928230285645,18.447265625,3903.711499201134,89.85812758747488,3.906875112498908,29.7410943005234,1.2392122625218083,0.01551530184224248,0.0006464709100934366
context_memory_60s/slamri_b32_beta0p25_k3/profiles/seed0_AnimeCitySuburbs_5_0608_60s_custom.jsonl,context_memory_60s/slamri_b32_beta0p25_k3,AnimeCitySuburbs_5,608,slam_ri_blend,32,cpu,60,1825,24,24,complete,32,41.25,1.593994140625,4.719516754150391,16.308743476867676,18.513671875,3904.518012715038,89.70106683438644,3.9000463841037583,32.04657407943159,1.3352739199763164,0.01953272335231304,0.0008138634730130434
context_memory_60s/slamri_b32_beta0p25_k3/profiles/seed0_FeudalJapan_3_1444_60s_custom.jsonl,context_memory_60s/slamri_b32_beta0p25_k3,FeudalJapan_3,1444,slam_ri_blend,32,cpu,60,1825,24,24,complete,32,41.25,1.593994140625,4.723411560058594,16.30414867401123,18.1875,3893.8448298573494,89.03296674694866,3.8709985542151593,29.233382017351687,1.2180575840563204,0.02203397313132882,0.0009180822138053676
context_memory_60s/slamri_b32_beta0p25_k3/profiles/seed0_ContainerYard_7_1216_60s_custom.jsonl,context_memory_60s/slamri_b32_beta0p25_k3,ContainerYard_7,1216,slam_ri_blend,32,cpu,60,1825,24,24,complete,32,41.25,1.593994140625,4.720958709716797,16.303133964538574,18.447265625,3911.2178471833467,89.7401483389549,3.901745579954561,31.903494871221483,1.329312286300895,0.01293916255235672,0.0005391317730148634
context_memory_60s/slamri_b32_beta0p25_k3/profiles/seed0_AncientTempleEnv_5_1368_60s_custom.jsonl,context_memory_60s/slamri_b32_beta0p25_k3,AncientTempleEnv_5,1368,slam_ri_blend,32,cpu,60,1825,24,24,complete,32,41.25,1.593994140625,4.718173980712891,16.307581901550293,18.4765625,3914.6145926369354,91.38785740919411,3.97338510474757,32.78154553147033,1.3658977304779303,0.08401087811216712,0.00350045325467363
context_memory_60s/slamri_b32_beta0p25_k3/profiles/seed0_ChemicalPlantEnv_5_3648_60s_custom.jsonl,context_memory_60s/slamri_b32_beta0p25_k3,ChemicalPlantEnv_5,3648,slam_ri_blend,32,cpu,60,1825,24,24,complete,32,41.25,1.593994140625,4.722526550292969,16.30391216278076,18.509765625,3894.469950091094,88.98771046102047,3.8690308896095855,29.10814466420561,1.212839361008567,0.014800034463405609,0.0006166681026419004
context_memory_60s/slamri_b32_beta0p25_k3/profiles/seed0_ContainerYard_3_3876_60s_custom.jsonl,context_memory_60s/slamri_b32_beta0p25_k3,ContainerYard_3,3876,slam_ri_blend,32,cpu,60,1825,24,24,complete,32,41.25,1.593994140625,4.7216644287109375,16.304789543151855,18.447265625,3914.4321308480576,88.92170583968982,3.866161123464775,30.113172717858106,1.2547155299107544,0.01459906855598092,0.0006082945231658717
context_memory_60s/slamri_b32_beta0p25_k3/profiles/seed0_DragonRise_1_3420_60s_custom.jsonl,context_memory_60s/slamri_b32_beta0p25_k3,DragonRise_1,3420,slam_ri_blend,32,cpu,60,1825,24,24,complete,32,41.25,1.593994140625,4.72137451171875,16.304789543151855,18.447265625,3951.8168307919987,89.05821980535984,3.8720965132765146,34.948377538938075,1.456182397455753,0.02859864942729473,0.0011916103928039472
context_memory_60s/slamri_b32_beta0p25_k3/profiles/seed0_FeudalJapan_0_2888_60s_custom.jsonl,context_memory_60s/slamri_b32_beta0p25_k3,FeudalJapan_0,2888,slam_ri_blend,32,cpu,60,1825,24,24,complete,32,41.25,1.593994140625,4.741035461425781,16.305285453796387,18.1875,3890.007623927202,88.96772063523531,3.868161766749361,28.9549703146331,1.2064570964430459,0.014044959098100662,0.0005852066290875276
context_memory_60s/slamri_b32_beta0p25_k3/profiles/seed0_IslandMap_2_0456_60s_custom.jsonl,context_memory_60s/slamri_b32_beta0p25_k3,IslandMap_2,456,slam_ri_blend,32,cpu,60,1825,24,24,complete,32,41.25,1.593994140625,4.717063903808594,16.30402660369873,18.33203125,3905.661946655251,89.1611835216172,3.8765731965920525,29.396794051397592,1.224866418808233,0.017046839464455843,0.0007102849776856601
context_memory_60s/slamri_b32_beta0p25_k3/profiles/seed0_FeudalJapan_2_0684_60s_custom.jsonl,context_memory_60s/slamri_b32_beta0p25_k3,FeudalJapan_2,684,slam_ri_blend,32,cpu,60,1825,24,24,complete,32,41.25,1.593994140625,4.740619659423828,16.30549907684326,18.384765625,3889.0289739919826,89.8976657083258,3.9085941612315565,29.031314051244408,1.209638085468517,0.014283860567957163,0.0005951608569982151
context_memory_60s/mce_b32_lambda1_pilot/profiles/seed0_Warehouse_0_3496_60s_custom.jsonl,context_memory_60s/mce_b32_lambda1_pilot,Warehouse_0,3496,mce,32,cpu,60,1825,24,24,complete,32,41.25,1.59375,4.7959747314453125,16.30549907684326,18.384765625,3892.354740617797,87.633201405406,3.8101391915393914,24.8118203477934,1.033825847824725,0.8337053186260164,0.03473772160941735
context_memory_60s/mce_b32_lambda1_pilot/profiles/seed0_DragonRise_9_3876_60s_custom.jsonl,context_memory_60s/mce_b32_lambda1_pilot,DragonRise_9,3876,mce,32,cpu,60,1825,24,24,complete,32,41.25,1.59375,4.795825958251953,16.306180000305176,18.447265625,3896.0522176441737,89.32768988236785,3.883812603581211,24.786439305637032,1.032768304401543,0.6970963519997895,0.029045681333324563
context_memory_60s/mce_b32_lambda1_pilot/profiles/seed0_ClothingStore_1_0456_60s_custom.jsonl,context_memory_60s/mce_b32_lambda1_pilot,ClothingStore_1,456,mce,32,cpu,60,1825,24,24,complete,32,41.25,1.59375,4.809474945068359,16.30391216278076,18.509765625,3898.8222242440097,90.72775958385319,3.9446851992979646,24.915969398338348,1.0381653915974312,0.5022609755396843,0.020927540647486847
context_memory_60s/mce_b32_lambda1_pilot/profiles/seed0_ContainerYard_9_2584_60s_custom.jsonl,context_memory_60s/mce_b32_lambda1_pilot,ContainerYard_9,2584,mce,32,cpu,60,1825,24,24,complete,32,41.25,1.59375,4.810882568359375,16.304789543151855,18.447265625,3920.5802211542614,89.01747267274186,3.8703248988148635,24.963911039289087,1.0401629599703786,0.7086586365476251,0.029527443189484377
context_memory_60s/mce_b32_lambda1_pilot/profiles/seed0_ClothingStore_6_2964_60s_custom.jsonl,context_memory_60s/mce_b32_lambda1_pilot,ClothingStore_6,2964,mce,32,cpu,60,1825,24,24,complete,32,41.25,1.59375,4.810863494873047,16.303339958190918,18.447265625,3904.2470932337455,89.37263053003699,3.8857665447842167,24.821660669520497,1.0342358612300206,1.1163744456134737,0.0465156019005614
context_memory_60s/mce_b32_lambda1_pilot/profiles/seed0_AnimeCitySuburbs_5_0608_60s_custom.jsonl,context_memory_60s/mce_b32_lambda1_pilot,AnimeCitySuburbs_5,608,mce,32,cpu,60,1825,24,24,complete,32,41.25,1.59375,4.9556732177734375,16.307581901550293,18.4765625,3914.673756719101,89.34581566182896,3.8846006809490854,25.346002750098705,1.0560834479207795,0.45149051351472735,0.018812104729780305
context_memory_60s/mce_b32_lambda1_pilot/profiles/seed0_FeudalJapan_3_1444_60s_custom.jsonl,context_memory_60s/mce_b32_lambda1_pilot,FeudalJapan_3,1444,mce,32,cpu,60,1825,24,24,complete,32,41.25,1.59375,4.813266754150391,16.30385112762451,18.447265625,3887.0308756818995,90.05427841469646,3.9154034093346284,24.816204899456352,1.034008537477348,0.7015859186649323,0.029232746611038845
context_memory_60s/mce_b32_lambda1_pilot/profiles/seed0_ContainerYard_7_1216_60s_custom.jsonl,context_memory_60s/mce_b32_lambda1_pilot,ContainerYard_7,1216,mce,32,cpu,60,1825,24,24,complete,32,41.25,1.59375,4.794376373291016,16.305928230285645,18.447265625,3887.4019685178064,89.09678244544193,3.8737731498018233,24.770908306818455,1.032121179450769,1.3429793161340058,0.05595747150558358
context_memory_60s/mce_b32_lambda1_pilot/profiles/seed0_AncientTempleEnv_5_1368_60s_custom.jsonl,context_memory_60s/mce_b32_lambda1_pilot,AncientTempleEnv_5,1368,mce,32,cpu,60,1825,24,24,complete,32,41.25,1.59375,4.796901702880859,16.307581901550293,18.4765625,3936.9850065810606,89.56185667496175,3.8939937684765975,26.455367509275675,1.102306979553153,1.0896487385034561,0.04540203077097734
context_memory_60s/mce_b32_lambda1_pilot/profiles/seed0_ChemicalPlantEnv_5_3648_60s_custom.jsonl,context_memory_60s/mce_b32_lambda1_pilot,ChemicalPlantEnv_5,3648,mce,32,cpu,60,1825,24,24,complete,32,41.25,1.59375,4.7924652099609375,16.308743476867676,18.513671875,3911.2179283238947,89.1737380255945,3.8771190445910655,24.88815021282062,1.0370062588675257,1.0568432873114944,0.04403513697131226
context_memory_60s/mce_b32_lambda1_pilot/profiles/seed0_ContainerYard_3_3876_60s_custom.jsonl,context_memory_60s/mce_b32_lambda1_pilot,ContainerYard_3,3876,mce,32,cpu,60,1825,24,24,complete,32,41.25,1.59375,4.861911773681641,16.308743476867676,18.513671875,3931.035288766958,87.66325639281422,3.8114459301223573,25.792775330133736,1.0746989720889057,0.950501075014472,0.039604211458936334
context_memory_60s/mce_b32_lambda1_pilot/profiles/seed0_DragonRise_1_3420_60s_custom.jsonl,context_memory_60s/mce_b32_lambda1_pilot,DragonRise_1,3420,mce,32,cpu,60,1825,24,24,complete,32,41.25,1.59375,4.8111419677734375,16.303133964538574,18.447265625,3895.4850956830196,87.94685150915757,3.8237761525720684,24.857926979660988,1.0357469574858744,0.8327038283459842,0.034695992847749345
context_memory_60s/mce_b32_lambda1_pilot/profiles/seed0_FeudalJapan_0_2888_60s_custom.jsonl,context_memory_60s/mce_b32_lambda1_pilot,FeudalJapan_0,2888,mce,32,cpu,60,1825,24,24,complete,32,41.25,1.59375,4.862518310546875,16.30391216278076,18.509765625,3930.1620474522933,88.8748251311481,3.864122831789048,25.344709466211498,1.0560295610921457,0.8342254720628262,0.034759394669284426
context_memory_60s/mce_b32_lambda1_pilot/profiles/seed0_IslandMap_2_0456_60s_custom.jsonl,context_memory_60s/mce_b32_lambda1_pilot,IslandMap_2,456,mce,32,cpu,60,1825,24,24,complete,32,41.25,1.59375,4.813316345214844,16.305285453796387,18.1875,3902.3029276928864,89.10045297443867,3.8739327380190725,24.965215435717255,1.0402173098215524,0.7194837615825236,0.029978490065938484
context_memory_60s/mce_b32_lambda1_pilot/profiles/seed0_FeudalJapan_2_0684_60s_custom.jsonl,context_memory_60s/mce_b32_lambda1_pilot,FeudalJapan_2,684,mce,32,cpu,60,1825,24,24,complete,32,41.25,1.59375,4.813266754150391,16.304789543151855,18.447265625,3888.326021990273,90.0077877161093,3.9133820746134482,24.850606709253043,1.0354419462188769,1.2517717094160616,0.05215715455900257
context_memory_60s/kcenter_b128/profiles/seed0_Warehouse_0_3496_60s_custom.jsonl,context_memory_60s/kcenter_b128,Warehouse_0,3496,kcenter_coreset,128,cpu,60,1825,24,24,complete,128,165.0,90.90747833251953,4.781253814697266,16.305737495422363,18.33203125,4110.777159680147,358.6868729731068,15.59508143361334,34.73246174957603,1.4471859062323347,0.04425473744049668,0.0018439473933540285
context_memory_60s/kcenter_b128/profiles/seed0_DragonRise_9_3876_60s_custom.jsonl,context_memory_60s/kcenter_b128,DragonRise_9,3876,kcenter_coreset,128,cpu,60,1825,24,24,complete,128,165.0,90.90747833251953,4.766246795654297,16.30385112762451,18.447265625,4117.897350620944,360.4465005802922,15.671586981751835,34.403734910301864,1.433488954595911,0.08820122620090842,0.0036750510917045176
context_memory_60s/kcenter_b128/profiles/seed0_ClothingStore_1_0456_60s_custom.jsonl,context_memory_60s/kcenter_b128,ClothingStore_1,456,kcenter_coreset,128,cpu,60,1825,24,24,complete,128,165.0,90.90747833251953,4.781330108642578,16.303339958190918,18.447265625,4115.459801481105,361.8352042431943,15.731965401878014,34.73399966629222,1.4472499860955093,0.04167295852676034,0.0017363732719483476
context_memory_60s/kcenter_b128/profiles/seed0_ContainerYard_9_2584_60s_custom.jsonl,context_memory_60s/kcenter_b128,ContainerYard_9,2584,kcenter_coreset,128,cpu,60,1825,24,24,complete,128,165.0,90.90747833251953,4.7487945556640625,16.306180000305176,18.447265625,4133.023397012148,366.721009389963,15.944391712607088,34.48474602447823,1.4368644176865928,0.04008939489722252,0.0016703914540509384
context_memory_60s/kcenter_b128/profiles/seed0_ClothingStore_6_2964_60s_custom.jsonl,context_memory_60s/kcenter_b128,ClothingStore_6,2964,kcenter_coreset,128,cpu,60,1825,24,24,complete,128,165.0,90.90747833251953,4.748607635498047,16.305928230285645,18.447265625,4125.218317085877,361.25062719825655,15.70654900861985,34.38781784940511,1.432825743725213,0.03600537730380893,0.001500224054325372
context_memory_60s/kcenter_b128/profiles/seed0_AnimeCitySuburbs_5_0608_60s_custom.jsonl,context_memory_60s/kcenter_b128,AnimeCitySuburbs_5,608,kcenter_coreset,128,cpu,60,1825,24,24,complete,128,165.0,90.90747833251953,4.747581481933594,16.308743476867676,18.513671875,4120.388264628593,359.9134608544409,15.648411341497432,34.439898021984845,1.4349957509160352,0.045242189429700375,0.0018850912262375157
context_memory_60s/kcenter_b128/profiles/seed0_FeudalJapan_3_1444_60s_custom.jsonl,context_memory_60s/kcenter_b128,FeudalJapan_3,1444,kcenter_coreset,128,cpu,60,1825,24,24,complete,128,165.0,90.90747833251953,4.780414581298828,16.30414867401123,18.1875,4121.469547303859,361.3079076469876,15.709039462912504,34.50332787260413,1.4376386613585055,0.041225314140319824,0.001717721422513326
context_memory_60s/kcenter_b128/profiles/seed0_ContainerYard_7_1216_60s_custom.jsonl,context_memory_60s/kcenter_b128,ContainerYard_7,1216,kcenter_coreset,128,cpu,60,1825,24,24,complete,128,165.0,90.90747833251953,4.766090393066406,16.303133964538574,18.447265625,4126.233979147859,359.9403437501751,15.649580163051091,34.3746011890471,1.4322750495436292,0.04046116303652525,0.0016858817931885521
context_memory_60s/kcenter_b128/profiles/seed0_AncientTempleEnv_5_1368_60s_custom.jsonl,context_memory_60s/kcenter_b128,AncientTempleEnv_5,1368,kcenter_coreset,128,cpu,60,1825,24,24,complete,128,165.0,90.90747833251953,4.780551910400391,16.307581901550293,18.4765625,4121.992909438908,361.5329433232546,15.718823622750199,35.17537709418684,1.465640712257785,0.044031125493347645,0.0018346302288894851
context_memory_60s/kcenter_b128/profiles/seed0_ChemicalPlantEnv_5_3648_60s_custom.jsonl,context_memory_60s/kcenter_b128,ChemicalPlantEnv_5,3648,kcenter_coreset,128,cpu,60,1825,24,24,complete,128,165.0,90.90747833251953,4.765251159667969,16.30391216278076,18.509765625,4126.524630886968,363.18995240470394,15.790867495856693,35.32841184083372,1.4720171600347385,0.038431116845458746,0.0016012965352274477
context_memory_60s/kcenter_b128/profiles/seed0_ContainerYard_3_3876_60s_custom.jsonl,context_memory_60s/kcenter_b128,ContainerYard_3,3876,kcenter_coreset,128,cpu,60,1825,24,24,complete,128,165.0,90.90747833251953,4.765300750732422,16.304789543151855,18.447265625,4113.360121901147,358.0299155614339,15.56651806788843,34.32945266412571,1.430393861005238,0.04368018265813589,0.0018200076107556622
context_memory_60s/kcenter_b128/profiles/seed0_DragonRise_1_3420_60s_custom.jsonl,context_memory_60s/kcenter_b128,DragonRise_1,3420,kcenter_coreset,128,cpu,60,1825,24,24,complete,128,165.0,90.90747833251953,4.765331268310547,16.304789543151855,18.447265625,4118.130092690699,358.57710277382284,15.590308816253167,34.38434711098671,1.4326811296244462,0.04572725994512439,0.0019053024977135162
context_memory_60s/kcenter_b128/profiles/seed0_FeudalJapan_0_2888_60s_custom.jsonl,context_memory_60s/kcenter_b128,FeudalJapan_0,2888,kcenter_coreset,128,cpu,60,1825,24,24,complete,128,165.0,90.90747833251953,4.765422821044922,16.305285453796387,18.1875,4121.63437074516,359.1733986698091,15.616234724774309,34.67811695113778,1.4449215396307409,0.042666446417570114,0.001777768600732088
context_memory_60s/kcenter_b128/profiles/seed0_IslandMap_2_0456_60s_custom.jsonl,context_memory_60s/kcenter_b128,IslandMap_2,456,kcenter_coreset,128,cpu,60,1825,24,24,complete,128,165.0,90.90747833251953,4.7654876708984375,16.30402660369873,18.33203125,4117.030652577989,361.717833571136,15.726862329179825,34.96183702163398,1.4567432092347492,0.04273343551903963,0.001780559813293318
context_memory_60s/kcenter_b128/profiles/seed0_FeudalJapan_2_0684_60s_custom.jsonl,context_memory_60s/kcenter_b128,FeudalJapan_2,684,kcenter_coreset,128,cpu,60,1825,24,24,complete,128,165.0,90.90747833251953,4.7654266357421875,16.30549907684326,18.384765625,4122.017650486901,363.28380673518404,15.794948118921045,34.422631152905524,1.4342762980377302,0.04127871012315154,0.0017199462551313143
context_memory_60s/mce_b32_rarity10_pilot/profiles/seed0_AncientTempleEnv_5_1368_60s_custom.jsonl,context_memory_60s/mce_b32_rarity10_pilot,AncientTempleEnv_5,1368,mce,32,cpu,60,1825,24,24,complete,32,41.25,1.59375,4.669525146484375,16.307581901550293,18.4765625,4077.04524477385,90.99399098427966,3.9562604775773766,34.94599507842213,1.4560831282675888,1.341457236558199,0.05589405152325829
context_memory_60s/mce_b32_rarity10_pilot/profiles/seed0_ContainerYard_3_3876_60s_custom.jsonl,context_memory_60s/mce_b32_rarity10_pilot,ContainerYard_3,3876,mce,32,cpu,60,1825,24,24,complete,32,41.25,1.59375,4.671993255615234,16.308743476867676,18.513671875,4075.732750631869,92.5683385762386,4.024710372879939,30.522697546985,1.2717790644577083,0.6575129274278879,0.027396371976161998
context_memory_60s/mce_b32_rarity10_pilot/profiles/seed0_FeudalJapan_0_2888_60s_custom.jsonl,context_memory_60s/mce_b32_rarity10_pilot,FeudalJapan_0,2888,mce,32,cpu,60,1825,24,24,complete,32,41.25,1.59375,4.671516418457031,16.30391216278076,18.509765625,4050.0896243741736,90.38443589955568,3.9297580825893776,31.978730601724237,1.3324471084051766,0.3016367661766708,0.012568198590694616
context_memory_60s/slamrarity_b32_s75_r25_k3/profiles/seed0_Warehouse_0_3496_60s_custom.jsonl,context_memory_60s/slamrarity_b32_s75_r25_k3,Warehouse_0,3496,slam_rarity_blend,32,cpu,60,1825,24,24,complete,32,41.25,1.593994140625,4.859649658203125,16.305737495422363,18.33203125,4047.7256388559763,88.58880359196337,3.8516871126940595,32.37305707397172,1.348877378082155,0.012293526000576094,0.0005122302500240039
context_memory_60s/slamrarity_b32_s75_r25_k3/profiles/seed0_DragonRise_9_3876_60s_custom.jsonl,context_memory_60s/slamrarity_b32_s75_r25_k3,DragonRise_9,3876,slam_rarity_blend,32,cpu,60,1825,24,24,complete,32,41.25,1.593994140625,4.904991149902344,16.30385112762451,18.447265625,4032.205945840018,88.78300598706119,3.860130695089617,32.23413820393034,1.343089091830431,0.013508039934094995,0.0005628349972539581
context_memory_60s/slamrarity_b32_s75_r25_k3/profiles/seed0_ClothingStore_1_0456_60s_custom.jsonl,context_memory_60s/slamrarity_b32_s75_r25_k3,ClothingStore_1,456,slam_rarity_blend,32,cpu,60,1825,24,24,complete,32,41.25,1.593994140625,4.840888977050781,16.303339958190918,18.447265625,4054.2159209329984,89.589701500925,3.895204413083696,33.13742108899169,1.380725878707987,0.01338886993471533,0.0005578695806131387
context_memory_60s/slamrarity_b32_s75_r25_k3/profiles/seed0_ContainerYard_9_2584_60s_custom.jsonl,context_memory_60s/slamrarity_b32_s75_r25_k3,ContainerYard_9,2584,slam_rarity_blend,32,cpu,60,1825,24,24,complete,32,41.25,1.593994140625,4.834857940673828,16.306180000305176,18.447265625,4081.70046963598,89.4752583860245,3.8902286254793266,33.29525143807405,1.3873021432530852,0.04052837600465864,0.0016886823335274432
context_memory_60s/slamrarity_b32_s75_r25_k3/profiles/seed0_ClothingStore_6_2964_60s_custom.jsonl,context_memory_60s/slamrarity_b32_s75_r25_k3,ClothingStore_6,2964,slam_rarity_blend,32,cpu,60,1825,24,24,complete,32,41.25,1.593994140625,4.8744354248046875,16.305928230285645,18.447265625,4048.030033430987,90.04890057313605,3.91516959013635,34.28715138792177,1.4286313078300736,0.01317343901610002,0.0005488932923375008
context_memory_60s/slamrarity_b32_s75_r25_k3/profiles/seed0_AnimeCitySuburbs_5_0608_60s_custom.jsonl,context_memory_60s/slamrarity_b32_s75_r25_k3,AnimeCitySuburbs_5,608,slam_rarity_blend,32,cpu,60,1825,24,24,complete,32,41.25,1.593994140625,4.840267181396484,16.308743476867676,18.513671875,4078.616602113005,89.49817348198849,3.8912249339994993,34.128773573145736,1.4220322322144057,0.09073399298358709,0.0037805830409827954
context_memory_60s/slamrarity_b32_s75_r25_k3/profiles/seed0_FeudalJapan_3_1444_60s_custom.jsonl,context_memory_60s/slamrarity_b32_s75_r25_k3,FeudalJapan_3,1444,slam_rarity_blend,32,cpu,60,1825,24,24,complete,32,41.25,1.593994140625,4.834835052490234,16.30414867401123,18.1875,4023.018353168998,88.8799114950234,3.864343978044496,32.25385692596319,1.3439107052484662,0.013533454126445577,0.0005638939219352324
context_memory_60s/slamrarity_b32_s75_r25_k3/profiles/seed0_ContainerYard_7_1216_60s_custom.jsonl,context_memory_60s/slamrarity_b32_s75_r25_k3,ContainerYard_7,1216,slam_rarity_blend,32,cpu,60,1825,24,24,complete,32,41.25,1.593994140625,4.8262939453125,16.303133964538574,18.447265625,4089.2266599960276,89.5687635409704,3.8942940669987127,34.064265246037394,1.4193443852515581,0.013893156923586503,0.0005788815384827709
context_memory_60s/slamrarity_b32_s75_r25_k3/profiles/seed0_AncientTempleEnv_5_1368_60s_custom.jsonl,context_memory_60s/slamrarity_b32_s75_r25_k3,AncientTempleEnv_5,1368,slam_rarity_blend,32,cpu,60,1825,24,24,complete,32,41.25,1.593994140625,4.821990966796875,16.307581901550293,18.4765625,4059.306837106007,88.7595972889394,3.8591129256060612,32.71736962205614,1.3632237342523392,0.01201481613679789,0.0005006173390332455
context_memory_60s/slamrarity_b32_s75_r25_k3/profiles/seed0_ChemicalPlantEnv_5_3648_60s_custom.jsonl,context_memory_60s/slamrarity_b32_s75_r25_k3,ChemicalPlantEnv_5,3648,slam_rarity_blend,32,cpu,60,1825,24,24,complete,32,41.25,1.593994140625,4.826171875,16.30391216278076,18.509765625,4086.893341979012,89.32489392792922,3.883691040344749,36.07412948898855,1.503088728707856,0.013968946994282305,0.000582039458095096
context_memory_60s/slamrarity_b32_s75_r25_k3/profiles/seed0_ContainerYard_3_3876_60s_custom.jsonl,context_memory_60s/slamrarity_b32_s75_r25_k3,ContainerYard_3,3876,slam_rarity_blend,32,cpu,60,1825,24,24,complete,32,41.25,1.593994140625,4.82623291015625,16.304789543151855,18.447265625,4053.128064155986,88.72556766195339,3.8576333766066693,34.37621993501671,1.4323424972923628,0.013923396967584267,0.0005801415403160112
context_memory_60s/slamrarity_b32_s75_r25_k3/profiles/seed0_DragonRise_1_3420_60s_custom.jsonl,context_memory_60s/slamrarity_b32_s75_r25_k3,DragonRise_1,3420,slam_rarity_blend,32,cpu,60,1825,24,24,complete,32,41.25,1.593994140625,4.826557159423828,16.304789543151855,18.447265625,4051.457210507011,88.5675878089678,3.8507646873464263,33.97420959704323,1.4155920665434678,0.012746395048452541,0.0005310997936855225
context_memory_60s/slamrarity_b32_s75_r25_k3/profiles/seed0_FeudalJapan_0_2888_60s_custom.jsonl,context_memory_60s/slamrarity_b32_s75_r25_k3,FeudalJapan_0,2888,slam_rarity_blend,32,cpu,60,1825,24,24,complete,32,41.25,1.593994140625,4.862049102783203,16.305285453796387,18.1875,4027.746050822985,89.10561359595158,3.87415711286746,32.59629970791866,1.3581791544966109,0.016992796008707955,0.0007080331670294981
context_memory_60s/slamrarity_b32_s75_r25_k3/profiles/seed0_IslandMap_2_0456_60s_custom.jsonl,context_memory_60s/slamrarity_b32_s75_r25_k3,IslandMap_2,456,slam_rarity_blend,32,cpu,60,1825,24,24,complete,32,41.25,1.593994140625,4.843822479248047,16.30402660369873,18.33203125,4033.5095584299997,88.96480678403168,3.868035077566595,33.594478531886125,1.3997699388285885,0.012768422806402668,0.0005320176169334445
context_memory_60s/slamrarity_b32_s75_r25_k3/profiles/seed0_FeudalJapan_2_0684_60s_custom.jsonl,context_memory_60s/slamrarity_b32_s75_r25_k3,FeudalJapan_2,684,slam_rarity_blend,32,cpu,60,1825,24,24,complete,32,41.25,1.593994140625,4.8531494140625,16.30549907684326,18.384765625,4021.340421339002,89.89003712401609,3.9082624836528734,32.28053260597517,1.345022191915632,0.012993098061997443,0.0005413790859165601
context_memory_60s/slamri_b32_beta0p5/profiles/seed0_Warehouse_0_3496_60s_custom.jsonl,context_memory_60s/slamri_b32_beta0p5,Warehouse_0,3496,slam_ri_blend,32,cpu,60,1825,24,24,complete,32,41.25,1.593994140625,4.816230773925781,16.305737495422363,18.33203125,4033.4115204238333,90.35403909161687,3.9284364822442117,30.2606113627553,1.2608588067814708,0.03257892373949289,0.0013574551558122039
context_memory_60s/slamri_b32_beta0p5/profiles/seed0_DragonRise_9_3876_60s_custom.jsonl,context_memory_60s/slamri_b32_beta0p5,DragonRise_9,3876,slam_ri_blend,32,cpu,60,1825,24,24,complete,32,41.25,1.593994140625,4.813209533691406,16.30385112762451,18.447265625,4039.677793005947,89.75837374664843,3.9025379889847143,31.204171027056873,1.3001737927940364,0.012781409081071615,0.0005325587117113173
context_memory_60s/slamri_b32_beta0p5/profiles/seed0_ClothingStore_1_0456_60s_custom.jsonl,context_memory_60s/slamri_b32_beta0p5,ClothingStore_1,456,slam_ri_blend,32,cpu,60,1825,24,24,complete,32,41.25,1.593994140625,4.812297821044922,16.303339958190918,18.447265625,4062.222824099008,90.06656047003344,3.9159374117405843,29.24290386494249,1.2184543277059372,0.010454942937940359,0.00043562262241418165
context_memory_60s/slamri_b32_beta0p5/profiles/seed0_ContainerYard_9_2584_60s_custom.jsonl,context_memory_60s/slamri_b32_beta0p5,ContainerYard_9,2584,slam_ri_blend,32,cpu,60,1825,24,24,complete,32,41.25,1.593994140625,4.812389373779297,16.306180000305176,18.447265625,4038.7042974070646,89.9049234832637,3.908909716663639,29.03896990790963,1.2099570794962347,0.012678712606430054,0.0005282796919345856
context_memory_60s/slamri_b32_beta0p5/profiles/seed0_ClothingStore_6_2964_60s_custom.jsonl,context_memory_60s/slamri_b32_beta0p5,ClothingStore_6,2964,slam_ri_blend,32,cpu,60,1825,24,24,complete,32,41.25,1.593994140625,4.811740875244141,16.305928230285645,18.447265625,4058.2569033689797,89.99214923754334,3.9127021407627542,29.185576122719795,1.2160656717799914,0.014719344209879637,0.0006133060087449849
context_memory_60s/slamri_b32_beta0p5/profiles/seed0_AnimeCitySuburbs_5_0608_60s_custom.jsonl,context_memory_60s/slamri_b32_beta0p5,AnimeCitySuburbs_5,608,slam_ri_blend,32,cpu,60,1825,24,24,complete,32,41.25,1.593994140625,4.812221527099609,16.308743476867676,18.513671875,4128.831912778318,90.06701629655436,3.915957230284972,29.06198736745864,1.2109161403107767,0.010631227865815163,0.0004429678277422984
context_memory_60s/slamri_b32_beta0p5/profiles/seed0_FeudalJapan_3_1444_60s_custom.jsonl,context_memory_60s/slamri_b32_beta0p5,FeudalJapan_3,1444,slam_ri_blend,32,cpu,60,1825,24,24,complete,32,41.25,1.593994140625,4.814388275146484,16.30414867401123,18.1875,4050.088902717922,90.16103436611593,3.9200449724398228,31.837784786708653,1.3265743661128606,0.014360278379172087,0.0005983449324655036
context_memory_60s/slamri_b32_beta0p5/profiles/seed0_ContainerYard_7_1216_60s_custom.jsonl,context_memory_60s/slamri_b32_beta0p5,ContainerYard_7,1216,slam_ri_blend,32,cpu,60,1825,24,24,complete,32,41.25,1.593994140625,4.813304901123047,16.303133964538574,18.447265625,4042.5880859252065,89.92510511726141,3.909787179011366,29.347141596022993,1.222797566500958,0.011611470486968756,0.0004838112702903648
context_memory_60s/slamri_b32_beta0p5/profiles/seed0_AncientTempleEnv_5_1368_60s_custom.jsonl,context_memory_60s/slamri_b32_beta0p5,AncientTempleEnv_5,1368,slam_ri_blend,32,cpu,60,1825,24,24,complete,32,41.25,1.593994140625,4.733898162841797,16.307581901550293,18.4765625,4119.577128126752,89.60957379220054,3.8960684257478495,31.158177041448653,1.2982573767270271,0.012195674702525139,0.0005081531126052141
context_memory_60s/slamri_b32_beta0p5/profiles/seed0_ChemicalPlantEnv_5_3648_60s_custom.jsonl,context_memory_60s/slamri_b32_beta0p5,ChemicalPlantEnv_5,3648,slam_ri_blend,32,cpu,60,1825,24,24,complete,32,41.25,1.593994140625,4.812255859375,16.30391216278076,18.509765625,4077.6554349451326,90.30876112915576,3.926467875180685,29.755230613518506,1.239801275563271,0.014067536685615778,0.0005861473619006574
context_memory_60s/slamri_b32_beta0p5/profiles/seed0_ContainerYard_3_3876_60s_custom.jsonl,context_memory_60s/slamri_b32_beta0p5,ContainerYard_3,3876,slam_ri_blend,32,cpu,60,1825,24,24,complete,32,41.25,1.593994140625,4.813304901123047,16.304789543151855,18.447265625,4043.586702825036,89.28393751103431,3.881910326566709,29.215466982219368,1.2173111242591403,0.013356727082282305,0.000556530295095096
context_memory_60s/slamri_b32_beta0p5/profiles/seed0_DragonRise_1_3420_60s_custom.jsonl,context_memory_60s/slamri_b32_beta0p5,DragonRise_1,3420,slam_ri_blend,32,cpu,60,1825,24,24,complete,32,41.25,1.593994140625,4.8133697509765625,16.304789543151855,18.447265625,4055.9003548379987,90.18679304840043,3.9211649151478447,30.252732184249908,1.2605305076770794,0.02658067364245653,0.0011075280684356887
context_memory_60s/slamri_b32_beta0p5/profiles/seed0_FeudalJapan_0_2888_60s_custom.jsonl,context_memory_60s/slamri_b32_beta0p5,FeudalJapan_0,2888,slam_ri_blend,32,cpu,60,1825,24,24,complete,32,41.25,1.593994140625,4.814357757568359,16.305285453796387,18.1875,4037.914957622066,90.7384147294797,3.945148466499117,31.7053955020383,1.3210581459182624,0.02733019832521677,0.0011387582635506988
context_memory_60s/slamri_b32_beta0p5/profiles/seed0_IslandMap_2_0456_60s_custom.jsonl,context_memory_60s/slamri_b32_beta0p5,IslandMap_2,456,slam_ri_blend,32,cpu,60,1825,24,24,complete,32,41.25,1.593994140625,4.815364837646484,16.30402660369873,18.33203125,4024.4452362679876,89.59227839158848,3.8953164518081946,29.524037830531597,1.2301682429388165,0.013509819284081459,0.0005629091368367275
context_memory_60s/slamri_b32_beta0p5/profiles/seed0_FeudalJapan_2_0684_60s_custom.jsonl,context_memory_60s/slamri_b32_beta0p5,FeudalJapan_2,684,slam_ri_blend,32,cpu,60,1825,24,24,complete,32,41.25,1.593994140625,4.8134002685546875,16.30549907684326,18.384765625,4057.8723700009286,92.10587393678725,4.004603214642924,30.635386280249804,1.276474428343742,0.028341243043541908,0.0011808851268142462
context_memory_60s/kcenter_b32/profiles/seed0_Warehouse_0_3496_60s_custom.jsonl,context_memory_60s/kcenter_b32,Warehouse_0,3496,kcenter_coreset,32,cpu,60,1825,24,24,complete,32,41.25,90.90747833251953,4.865077972412109,16.305737495422363,18.33203125,3882.437563051004,89.5279802759178,3.8925208815616434,30.01624611346051,1.250676921394188,0.057719554752111435,0.002404981448004643
context_memory_60s/kcenter_b32/profiles/seed0_DragonRise_9_3876_60s_custom.jsonl,context_memory_60s/kcenter_b32,DragonRise_9,3876,kcenter_coreset,32,cpu,60,1825,24,24,complete,32,41.25,90.90747833251953,4.862430572509766,16.30385112762451,18.447265625,3910.21927471878,89.60646141320467,3.895933104921942,29.916438019368798,1.2465182508070332,0.1597988181747496,0.0066582840906145675
context_memory_60s/kcenter_b32/profiles/seed0_ClothingStore_1_0456_60s_custom.jsonl,context_memory_60s/kcenter_b32,ClothingStore_1,456,kcenter_coreset,32,cpu,60,1825,24,24,complete,32,41.25,90.90747833251953,4.862518310546875,16.303339958190918,18.447265625,3898.7337049050257,90.3107189242728,3.9265529967075135,29.94050038093701,1.2475208492057088,0.16378548555076122,0.006824395231281717
context_memory_60s/kcenter_b32/profiles/seed0_ContainerYard_9_2584_60s_custom.jsonl,context_memory_60s/kcenter_b32,ContainerYard_9,2584,kcenter_coreset,32,cpu,60,1825,24,24,complete,32,41.25,90.90747833251953,4.862377166748047,16.306180000305176,18.447265625,3912.0996426292695,89.98522809939459,3.912401221712808,29.92223885655403,1.246759952356418,0.11259873537346721,0.004691613973894467
context_memory_60s/kcenter_b32/profiles/seed0_ClothingStore_6_2964_60s_custom.jsonl,context_memory_60s/kcenter_b32,ClothingStore_6,2964,kcenter_coreset,32,cpu,60,1825,24,24,complete,32,41.25,90.90747833251953,4.861991882324219,16.305928230285645,18.447265625,3902.8503384431824,89.88188636908308,3.9079081030036122,30.099761611316353,1.254156733804848,0.11071608820930123,0.004613170342054218
context_memory_60s/kcenter_b32/profiles/seed0_AnimeCitySuburbs_5_0608_60s_custom.jsonl,context_memory_60s/kcenter_b32,AnimeCitySuburbs_5,608,kcenter_coreset,32,cpu,60,1825,24,24,complete,32,41.25,90.90747833251953,4.861316680908203,16.308743476867676,18.513671875,3915.040285316296,89.48550485540181,3.890674124147905,29.948114149738103,1.247838089572421,0.15530630247667432,0.006471095936528097
context_memory_60s/kcenter_b32/profiles/seed0_FeudalJapan_3_1444_60s_custom.jsonl,context_memory_60s/kcenter_b32,FeudalJapan_3,1444,kcenter_coreset,32,cpu,60,1825,24,24,complete,32,41.25,90.90747833251953,4.863853454589844,16.30414867401123,18.1875,3905.974075820297,89.97502430342138,3.911957578409625,29.91310663241893,1.2463794430174555,0.11416789097711444,0.004756995457379769
context_memory_60s/kcenter_b32/profiles/seed0_ContainerYard_7_1216_60s_custom.jsonl,context_memory_60s/kcenter_b32,ContainerYard_7,1216,kcenter_coreset,32,cpu,60,1825,24,24,complete,32,41.25,90.90747833251953,4.861301422119141,16.303133964538574,18.447265625,3903.8645795281045,89.43831427255645,3.8886223596763676,29.99549056496471,1.2498121068735297,0.1577452216297388,0.006572717567905784
context_memory_60s/kcenter_b32/profiles/seed0_AncientTempleEnv_5_1368_60s_custom.jsonl,context_memory_60s/kcenter_b32,AncientTempleEnv_5,1368,kcenter_coreset,32,cpu,60,1825,24,24,complete,32,41.25,90.90747833251953,4.848796844482422,16.307581901550293,18.4765625,3902.9188739089295,89.87737889401615,3.907712125826789,30.29358370648697,1.262232654436957,0.058798379730433226,0.002449932488768051
context_memory_60s/kcenter_b32/profiles/seed0_ChemicalPlantEnv_5_3648_60s_custom.jsonl,context_memory_60s/kcenter_b32,ChemicalPlantEnv_5,3648,kcenter_coreset,32,cpu,60,1825,24,24,complete,32,41.25,90.90747833251953,4.861316680908203,16.30391216278076,18.509765625,3883.1293512997217,90.34594839159399,3.928084712678,30.01370884431526,1.2505712018464692,0.08228555554524064,0.0034285648143850267
context_memory_60s/kcenter_b32/profiles/seed0_ContainerYard_3_3876_60s_custom.jsonl,context_memory_60s/kcenter_b32,ContainerYard_3,3876,kcenter_coreset,32,cpu,60,1825,24,24,complete,32,41.25,90.90747833251953,4.858188629150391,16.304789543151855,18.447265625,3905.6673378930427,89.37408931506798,3.885829970220347,29.900325373280793,1.2458468905533664,0.17986347991973162,0.007494311663322151
context_memory_60s/kcenter_b32/profiles/seed0_DragonRise_1_3420_60s_custom.jsonl,context_memory_60s/kcenter_b32,DragonRise_1,3420,kcenter_coreset,32,cpu,60,1825,24,24,complete,32,41.25,90.90747833251953,4.862663269042969,16.304789543151855,18.447265625,3899.599008018151,89.17303330870345,3.877088404726237,29.917242471594363,1.2465517696497652,0.11541887419298291,0.004809119758040954
context_memory_60s/kcenter_b32/profiles/seed0_FeudalJapan_0_2888_60s_custom.jsonl,context_memory_60s/kcenter_b32,FeudalJapan_0,2888,kcenter_coreset,32,cpu,60,1825,24,24,complete,32,41.25,90.90747833251953,4.862464904785156,16.305285453796387,18.1875,3889.0508342999965,88.8804759690538,3.8643685203936435,29.909527964890003,1.2462303318704169,0.11167460633441806,0.004653108597267419
context_memory_60s/kcenter_b32/profiles/seed0_IslandMap_2_0456_60s_custom.jsonl,context_memory_60s/kcenter_b32,IslandMap_2,456,kcenter_coreset,32,cpu,60,1825,24,24,complete,32,41.25,90.90747833251953,4.862876892089844,16.30402660369873,18.33203125,3884.4731337917037,89.95791598968208,3.9112137386818295,29.921200511045754,1.2467166879602398,0.19343051174655557,0.008059604656106481
context_memory_60s/kcenter_b32/profiles/seed0_FeudalJapan_2_0684_60s_custom.jsonl,context_memory_60s/kcenter_b32,FeudalJapan_2,684,kcenter_coreset,32,cpu,60,1825,24,24,complete,32,41.25,90.90747833251953,4.862907409667969,16.30549907684326,18.384765625,3919.3801299096085,90.67190006840974,3.942256524713467,29.91698274994269,1.2465409479142788,0.17818065825849771,0.007424194094104071
context_memory_60s/kcenter_b64/profiles/seed0_Warehouse_0_3496_60s_custom.jsonl,context_memory_60s/kcenter_b64,Warehouse_0,3496,kcenter_coreset,64,cpu,60,1825,24,24,complete,64,82.5,90.90747833251953,4.817966461181641,16.305063724517822,18.41796875,3990.70405450603,181.59961756924167,7.895635546488768,31.946758297737688,1.3311149290724036,0.02581980684772134,0.0010758252853217225
context_memory_60s/kcenter_b64/profiles/seed0_DragonRise_9_3876_60s_custom.jsonl,context_memory_60s/kcenter_b64,DragonRise_9,3876,kcenter_coreset,64,cpu,60,1825,24,24,complete,64,82.5,90.90747833251953,4.817649841308594,16.305437564849854,18.41796875,3994.870861740317,181.9823718140833,7.9122770353949265,31.794136178214103,1.3247556740922544,0.09902245784178376,0.0041259357434076565
context_memory_60s/kcenter_b64/profiles/seed0_ClothingStore_1_0456_60s_custom.jsonl,context_memory_60s/kcenter_b64,ClothingStore_1,456,kcenter_coreset,64,cpu,60,1825,24,24,complete,64,82.5,90.90747833251953,4.815311431884766,16.303339958190918,18.447265625,4003.6806825539097,183.01134781399742,7.9570151223477135,31.815951758995652,1.325664656624819,0.09693380165845156,0.0040389084024354815
context_memory_60s/kcenter_b64/profiles/seed0_ContainerYard_9_2584_60s_custom.jsonl,context_memory_60s/kcenter_b64,ContainerYard_9,2584,kcenter_coreset,64,cpu,60,1825,24,24,complete,64,82.5,90.90747833251953,4.800846099853516,16.305437564849854,18.41796875,3991.0798573880456,182.370175763499,7.929138076673869,32.009407193399966,1.3337252997249986,0.026432988233864307,0.0011013745097443461
context_memory_60s/kcenter_b64/profiles/seed0_ClothingStore_6_2964_60s_custom.jsonl,context_memory_60s/kcenter_b64,ClothingStore_6,2964,kcenter_coreset,64,cpu,60,1825,24,24,complete,64,82.5,90.90747833251953,4.816204071044922,16.304354667663574,18.48046875,3995.2000111178495,182.4775553504005,7.933806754365239,31.822544099297374,1.325939337470724,0.023956425487995148,0.000998184395333131
context_memory_60s/kcenter_b64/profiles/seed0_AnimeCitySuburbs_5_0608_60s_custom.jsonl,context_memory_60s/kcenter_b64,AnimeCitySuburbs_5,608,kcenter_coreset,64,cpu,60,1825,24,24,complete,64,82.5,90.90747833251953,4.814540863037109,16.308743476867676,18.513671875,3992.5064039449207,181.59232547925785,7.895318499098168,31.938080652151257,1.3307533605063024,0.0949124488979578,0.0039546853707482415
context_memory_60s/kcenter_b64/profiles/seed0_FeudalJapan_3_1444_60s_custom.jsonl,context_memory_60s/kcenter_b64,FeudalJapan_3,1444,kcenter_coreset,64,cpu,60,1825,24,24,complete,64,82.5,90.90747833251953,4.817600250244141,16.304768562316895,18.615234375,3989.4764659828506,182.99234924837947,7.956189097755629,31.731896904297173,1.3221623710123822,0.025829996913671494,0.001076249871402979
context_memory_60s/kcenter_b64/profiles/seed0_ContainerYard_7_1216_60s_custom.jsonl,context_memory_60s/kcenter_b64,ContainerYard_7,1216,kcenter_coreset,64,cpu,60,1825,24,24,complete,64,82.5,90.90747833251953,4.799827575683594,16.305620670318604,18.41796875,3986.1030608923174,181.66501741623506,7.898479018097176,31.824101627338678,1.326004234472445,0.02691062120720744,0.0011212758836336434
context_memory_60s/kcenter_b64/profiles/seed0_AncientTempleEnv_5_1368_60s_custom.jsonl,context_memory_60s/kcenter_b64,AncientTempleEnv_5,1368,kcenter_coreset,64,cpu,60,1825,24,24,complete,64,82.5,90.90747833251953,4.898612976074219,16.307581901550293,18.4765625,3990.4812340992503,182.06322145322338,7.915792237096668,32.162001823075116,1.3400834092947964,0.028519383165985346,0.0011883076319160561
context_memory_60s/kcenter_b64/profiles/seed0_ChemicalPlantEnv_5_3648_60s_custom.jsonl,context_memory_60s/kcenter_b64,ChemicalPlantEnv_5,3648,kcenter_coreset,64,cpu,60,1825,24,24,complete,64,82.5,90.90747833251953,4.8157806396484375,16.30391216278076,18.509765625,4006.347956078127,183.14571146992967,7.962857020431724,31.873770096339285,1.328073754014137,0.0280832601711154,0.0011701358404631417
context_memory_60s/kcenter_b64/profiles/seed0_ContainerYard_3_3876_60s_custom.jsonl,context_memory_60s/kcenter_b64,ContainerYard_3,3876,kcenter_coreset,64,cpu,60,1825,24,24,complete,64,82.5,90.90747833251953,4.816913604736328,16.30524492263794,18.48046875,3998.5171326049604,181.31186370644718,7.883124508975965,31.872619769070297,1.3280258237112623,0.0958697134628892,0.00399457139428705
context_memory_60s/kcenter_b64/profiles/seed0_DragonRise_1_3420_60s_custom.jsonl,context_memory_60s/kcenter_b64,DragonRise_1,3420,kcenter_coreset,64,cpu,60,1825,24,24,complete,64,82.5,90.90747833251953,4.800861358642578,16.305437564849854,18.41796875,4011.9215854341164,181.3982330816798,7.886879699203469,32.04863942461088,1.3353599760254535,0.026349224615842104,0.001097884358993421
context_memory_60s/kcenter_b64/profiles/seed0_FeudalJapan_0_2888_60s_custom.jsonl,context_memory_60s/kcenter_b64,FeudalJapan_0,2888,kcenter_coreset,64,cpu,60,1825,24,24,complete,64,82.5,90.90747833251953,4.801868438720703,16.305437564849854,18.41796875,3994.435170079116,180.50537055684254,7.848059589427936,31.8768812706694,1.3282033862778917,0.027533934451639652,0.0011472472688183188
context_memory_60s/kcenter_b64/profiles/seed0_IslandMap_2_0456_60s_custom.jsonl,context_memory_60s/kcenter_b64,IslandMap_2,456,kcenter_coreset,64,cpu,60,1825,24,24,complete,64,82.5,90.90747833251953,4.818901062011719,16.305574893951416,18.41796875,3994.184598794207,182.2014272743836,7.9218011858427655,31.831902307923883,1.3263292628301617,0.09297720855101943,0.0038740503562924764
context_memory_60s/kcenter_b64/profiles/seed0_FeudalJapan_2_0684_60s_custom.jsonl,context_memory_60s/kcenter_b64,FeudalJapan_2,684,kcenter_coreset,64,cpu,60,1825,24,24,complete,64,82.5,90.90747833251953,4.818668365478516,16.306002140045166,18.615234375,3993.941627894994,183.87447853432968,7.994542544970856,31.81218165764585,1.3255075690685771,0.09796093497425318,0.004081705623927216
context_memory_60s/kcenter_b16/profiles/seed0_Warehouse_0_3496_60s_custom.jsonl,context_memory_60s/kcenter_b16,Warehouse_0,3496,kcenter_coreset,16,cpu,60,1825,24,24,complete,16,20.625,90.90747833251953,4.7805633544921875,16.305737495422363,18.33203125,3784.8551071421243,43.09709068527445,1.8737865515336718,29.378020842559636,1.2240842017733182,0.09126308094710112,0.00380262837279588
context_memory_60s/kcenter_b16/profiles/seed0_DragonRise_9_3876_60s_custom.jsonl,context_memory_60s/kcenter_b16,DragonRise_9,3876,kcenter_coreset,16,cpu,60,1825,24,24,complete,16,20.625,90.90747833251953,4.797172546386719,16.30385112762451,18.447265625,3787.5163161526434,43.39799277391285,1.886869251039689,29.23694675602019,1.2182061148341745,0.07190825417637825,0.002996177257349094
context_memory_60s/kcenter_b16/profiles/seed0_ClothingStore_1_0456_60s_custom.jsonl,context_memory_60s/kcenter_b16,ClothingStore_1,456,kcenter_coreset,16,cpu,60,1825,24,24,complete,16,20.625,90.90747833251953,4.798133850097656,16.303339958190918,18.447265625,3786.465470136609,43.62238727603108,1.8966255337404816,29.31992283416912,1.2216634514237132,0.09826393704861403,0.004094330710358918
context_memory_60s/kcenter_b16/profiles/seed0_ContainerYard_9_2584_60s_custom.jsonl,context_memory_60s/kcenter_b16,ContainerYard_9,2584,kcenter_coreset,16,cpu,60,1825,24,24,complete,16,20.625,90.90747833251953,4.798194885253906,16.306180000305176,18.447265625,3794.4252974032424,43.27447492489591,1.8814989097780832,29.513330309651792,1.2297220962354913,0.13583759870380163,0.005659899945991735
context_memory_60s/kcenter_b16/profiles/seed0_ClothingStore_6_2964_60s_custom.jsonl,context_memory_60s/kcenter_b16,ClothingStore_6,2964,kcenter_coreset,16,cpu,60,1825,24,24,complete,16,20.625,90.90747833251953,4.797737121582031,16.305928230285645,18.447265625,3787.132093886379,43.70156494528055,1.9000680410991544,29.3393884585239,1.2224745191051625,0.09895815374329686,0.004123256405970703
context_memory_60s/kcenter_b16/profiles/seed0_AnimeCitySuburbs_5_0608_60s_custom.jsonl,context_memory_60s/kcenter_b16,AnimeCitySuburbs_5,608,kcenter_coreset,16,cpu,60,1825,24,24,complete,16,20.625,90.90747833251953,4.780281066894531,16.308743476867676,18.513671875,3790.449736301787,43.57919309986755,1.894747526081198,30.097962012514472,1.2540817505214363,0.11596670188009739,0.004831945911670725
context_memory_60s/kcenter_b16/profiles/seed0_FeudalJapan_3_1444_60s_custom.jsonl,context_memory_60s/kcenter_b16,FeudalJapan_3,1444,kcenter_coreset,16,cpu,60,1825,24,24,complete,16,20.625,90.90747833251953,4.780517578125,16.30414867401123,18.1875,3787.9681674879976,44.26518278475851,1.9245731645547177,29.55622255569324,1.231509273153885,0.11978682084009051,0.004991117535003771
context_memory_60s/kcenter_b16/profiles/seed0_ContainerYard_7_1216_60s_custom.jsonl,context_memory_60s/kcenter_b16,ContainerYard_7,1216,kcenter_coreset,16,cpu,60,1825,24,24,complete,16,20.625,90.90747833251953,4.796497344970703,16.303133964538574,18.447265625,3794.4510843819007,43.7930339127779,1.904044952729474,30.04255165718496,1.25177298571604,0.08369987551122904,0.0034874948129678764
context_memory_60s/kcenter_b16/profiles/seed0_AncientTempleEnv_5_1368_60s_custom.jsonl,context_memory_60s/kcenter_b16,AncientTempleEnv_5,1368,kcenter_coreset,16,cpu,60,1825,24,24,complete,16,20.625,90.90747833251953,4.825832366943359,16.307581901550293,18.4765625,3792.9309834176674,43.70538164721802,1.900233984661653,31.97408579941839,1.3322535749757662,0.09708711504936218,0.004045296460390091
context_memory_60s/kcenter_b16/profiles/seed0_ChemicalPlantEnv_5_3648_60s_custom.jsonl,context_memory_60s/kcenter_b16,ChemicalPlantEnv_5,3648,kcenter_coreset,16,cpu,60,1825,24,24,complete,16,20.625,90.90747833251953,4.814876556396484,16.30391216278076,18.509765625,3785.3562412508763,44.19113707076758,1.921353785685547,29.314162922557443,1.2214234551065601,0.11754191759973764,0.0048975798999890685
context_memory_60s/kcenter_b16/profiles/seed0_ContainerYard_3_3876_60s_custom.jsonl,context_memory_60s/kcenter_b16,ContainerYard_3,3876,kcenter_coreset,16,cpu,60,1825,24,24,complete,16,20.625,90.90747833251953,4.81353759765625,16.304789543151855,18.447265625,3784.6624546530657,43.398954194039106,1.8869110519147438,29.304996409919113,1.2210415170799631,0.18207763833925128,0.00758656826413547
context_memory_60s/kcenter_b16/profiles/seed0_DragonRise_1_3420_60s_custom.jsonl,context_memory_60s/kcenter_b16,DragonRise_1,3420,kcenter_coreset,16,cpu,60,1825,24,24,complete,16,20.625,90.90747833251953,4.796173095703125,16.304789543151855,18.447265625,3790.3871200950816,43.44158819038421,1.8887647039297482,29.451038599479944,1.2271266083116643,0.09096067631617188,0.0037900281798404953
context_memory_60s/kcenter_b16/profiles/seed0_FeudalJapan_0_2888_60s_custom.jsonl,context_memory_60s/kcenter_b16,FeudalJapan_0,2888,kcenter_coreset,16,cpu,60,1825,24,24,complete,16,20.625,90.90747833251953,4.813137054443359,16.305285453796387,18.1875,3787.195267603267,43.325665331445634,1.883724579628071,29.58283690083772,1.2326182042015716,0.0912942374125123,0.003803926558854679
context_memory_60s/kcenter_b16/profiles/seed0_IslandMap_2_0456_60s_custom.jsonl,context_memory_60s/kcenter_b16,IslandMap_2,456,kcenter_coreset,16,cpu,60,1825,24,24,complete,16,20.625,90.90747833251953,4.780643463134766,16.30402660369873,18.33203125,3783.991606845986,43.57974822167307,1.8947716618118726,29.400564670097083,1.2250235279207118,0.07345336582511663,0.00306055690937986
context_memory_60s/kcenter_b16/profiles/seed0_FeudalJapan_2_0684_60s_custom.jsonl,context_memory_60s/kcenter_b16,FeudalJapan_2,684,kcenter_coreset,16,cpu,60,1825,24,24,complete,16,20.625,90.90747833251953,4.816070556640625,16.30549907684326,18.384765625,3787.6566028660163,43.97461123019457,1.9119396187041118,29.27132893446833,1.219638705602847,0.12244643084704876,0.005101934618627031
context_memory_60s/rarity_b32_k3/profiles/seed0_Warehouse_0_3496_60s_custom.jsonl,context_memory_60s/rarity_b32_k3,Warehouse_0,3496,rarity_only,32,cpu,60,1825,24,24,complete,32,41.25,1.593994140625,4.827419281005859,16.305737495422363,18.33203125,3900.4956337920157,87.70892535310122,3.8134315370913576,30.127120576013112,1.255296690667213,0.017517442029202357,0.0007298934178834315
context_memory_60s/rarity_b32_k3/profiles/seed0_DragonRise_9_3876_60s_custom.jsonl,context_memory_60s/rarity_b32_k3,DragonRise_9,3876,rarity_only,32,cpu,60,1825,24,24,complete,32,41.25,1.593994140625,4.8414764404296875,16.30385112762451,18.447265625,3913.7775994950207,88.81283563096076,3.8614276361287287,30.25349535208079,1.2605623063366995,0.0168151410180144,0.0007006308757506
context_memory_60s/rarity_b32_k3/profiles/seed0_ClothingStore_1_0456_60s_custom.jsonl,context_memory_60s/rarity_b32_k3,ClothingStore_1,456,rarity_only,32,cpu,60,1825,24,24,complete,32,41.25,1.593994140625,4.824481964111328,16.303339958190918,18.447265625,3894.1426533409976,90.38005191492266,3.9295674745618547,30.50199287608848,1.27091636983702,0.06330433790571988,0.0026376807460716614
context_memory_60s/rarity_b32_k3/profiles/seed0_ContainerYard_9_2584_60s_custom.jsonl,context_memory_60s/rarity_b32_k3,ContainerYard_9,2584,rarity_only,32,cpu,60,1825,24,24,complete,32,41.25,1.593994140625,4.825092315673828,16.306180000305176,18.447265625,3887.324377777026,90.13140421410208,3.91875670496096,31.695970767032122,1.3206654486263385,0.017014487966662273,0.0007089369986109281
context_memory_60s/rarity_b32_k3/profiles/seed0_ClothingStore_6_2964_60s_custom.jsonl,context_memory_60s/rarity_b32_k3,ClothingStore_6,2964,rarity_only,32,cpu,60,1825,24,24,complete,32,41.25,1.593994140625,4.841396331787109,16.305928230285645,18.447265625,3887.809594271006,89.58762757194927,3.8951142422586638,30.55700508202426,1.2732085450843442,0.020175106066744775,0.000840629419447699
context_memory_60s/rarity_b32_k3/profiles/seed0_AnimeCitySuburbs_5_0608_60s_custom.jsonl,context_memory_60s/rarity_b32_k3,AnimeCitySuburbs_5,608,rarity_only,32,cpu,60,1825,24,24,complete,32,41.25,1.593994140625,4.84136962890625,16.308743476867676,18.513671875,3864.491255806992,88.68805435096147,3.856002363085281,30.442326399032027,1.2684302666263345,0.017933656024979427,0.0007472356677074762
context_memory_60s/rarity_b32_k3/profiles/seed0_FeudalJapan_3_1444_60s_custom.jsonl,context_memory_60s/rarity_b32_k3,FeudalJapan_3,1444,rarity_only,32,cpu,60,1825,24,24,complete,32,41.25,1.593994140625,4.842155456542969,16.30414867401123,18.1875,3868.8168253740005,88.45260817708913,3.845765572916919,30.180099330173107,1.2575041387572128,0.02097419000347145,0.0008739245834779771
context_memory_60s/rarity_b32_k3/profiles/seed0_ContainerYard_7_1216_60s_custom.jsonl,context_memory_60s/rarity_b32_k3,ContainerYard_7,1216,rarity_only,32,cpu,60,1825,24,24,complete,32,41.25,1.593994140625,4.85540771484375,16.303133964538574,18.447265625,3908.8764975079976,90.71132155504893,3.9439705023934315,32.02132200897904,1.3342217503741267,0.07227534797857516,0.0030114728324406315
context_memory_60s/rarity_b32_k3/profiles/seed0_AncientTempleEnv_5_1368_60s_custom.jsonl,context_memory_60s/rarity_b32_k3,AncientTempleEnv_5,1368,rarity_only,32,cpu,60,1825,24,24,complete,32,41.25,1.593994140625,4.8219451904296875,16.307581901550293,18.4765625,3917.089631609997,88.2291888629261,3.836051689692439,32.76627614302561,1.3652615059594002,0.018826421030098572,0.0007844342095874405
context_memory_60s/rarity_b32_k3/profiles/seed0_ChemicalPlantEnv_5_3648_60s_custom.jsonl,context_memory_60s/rarity_b32_k3,ChemicalPlantEnv_5,3648,rarity_only,32,cpu,60,1825,24,24,complete,32,41.25,1.593994140625,4.825252532958984,16.30391216278076,18.509765625,3900.289532158,90.09746562910732,3.917281114309014,31.357189370086417,1.306549557086934,0.032834165991516784,0.0013680902496465326
context_memory_60s/rarity_b32_k3/profiles/seed0_ContainerYard_3_3876_60s_custom.jsonl,context_memory_60s/rarity_b32_k3,ContainerYard_3,3876,rarity_only,32,cpu,60,1825,24,24,complete,32,41.25,1.593994140625,4.878131866455078,16.304789543151855,18.447265625,3889.146535609005,90.23716448893538,3.923354977779799,31.68671003408963,1.3202795847537345,0.15755949798040092,0.006564979082516705
context_memory_60s/rarity_b32_k3/profiles/seed0_DragonRise_1_3420_60s_custom.jsonl,context_memory_60s/rarity_b32_k3,DragonRise_1,3420,rarity_only,32,cpu,60,1825,24,24,complete,32,41.25,1.593994140625,4.852283477783203,16.304789543151855,18.447265625,3915.657105443999,88.90367598796729,3.865377216868143,31.32903363701189,1.305376401542162,0.05213202993036248,0.002172167913765103
context_memory_60s/rarity_b32_k3/profiles/seed0_FeudalJapan_0_2888_60s_custom.jsonl,context_memory_60s/rarity_b32_k3,FeudalJapan_0,2888,rarity_only,32,cpu,60,1825,24,24,complete,32,41.25,1.593994140625,4.843315124511719,16.305285453796387,18.1875,3892.06961697698,88.40109047104488,3.8435256726541254,30.185164649941726,1.257715193747572,0.01751361892092973,0.0007297341217054054
context_memory_60s/rarity_b32_k3/profiles/seed0_IslandMap_2_0456_60s_custom.jsonl,context_memory_60s/rarity_b32_k3,IslandMap_2,456,rarity_only,32,cpu,60,1825,24,24,complete,32,41.25,1.593994140625,4.8956756591796875,16.30402660369873,18.33203125,3896.9092244909843,88.69206499308348,3.8561767388297166,30.848874753923155,1.2853697814134648,0.019143124984111637,0.0007976302076713182
context_memory_60s/rarity_b32_k3/profiles/seed0_FeudalJapan_2_0684_60s_custom.jsonl,context_memory_60s/rarity_b32_k3,FeudalJapan_2,684,rarity_only,32,cpu,60,1825,24,24,complete,32,41.25,1.593994140625,4.8421783447265625,16.30549907684326,18.384765625,3867.796622422,88.45805215201108,3.8460022674787426,30.331772443954833,1.2638238518314513,0.02084646193543449,0.0008686025806431038
context_memory_surprise_30s/surprise_b32_value/profiles/seed0_ContainerYard_7_4864_30s_custom.jsonl,context_memory_surprise_30s/surprise_b32_value,ContainerYard_7,4864,surprise_forcing,32,cpu,30,913,12,12,complete,32,42.5390625,0.1875,3.5926055908203125,15.982217788696289,18.326171875,1948.518752115313,5.611689371988177,0.5101535792716525,0.380518538877368,0.031709878239780664,0.024898922070860863,0.0020749101725717387
context_memory_surprise_30s/surprise_b32_value/profiles/seed0_ContainerYard_9_1292_30s_custom.jsonl,context_memory_surprise_30s/surprise_b32_value,ContainerYard_9,1292,surprise_forcing,32,cpu,30,913,12,12,complete,32,42.5390625,0.1875,3.597217559814453,15.982217788696289,18.1640625,1945.640139543917,6.070996791590005,0.551908799235455,0.1772161084227264,0.0147680090352272,0.015624538995325565,0.0013020449162771304
context_memory_surprise_30s/surprise_b32_value/profiles/seed0_AncientTempleEnv_5_3420_30s_custom.jsonl,context_memory_surprise_30s/surprise_b32_value,AncientTempleEnv_5,3420,surprise_forcing,32,cpu,30,913,12,12,complete,32,42.5390625,0.193359375,3.7205467224121094,15.982110977172852,18.16015625,1941.3319207280874,6.114621308632195,0.5558746644211087,0.11999328387901187,0.009999440323250989,0.0173529633320868,0.0014460802776739001
context_memory_surprise_30s/surprise_b32_value/profiles/seed0_DragonRise_9_1292_30s_custom.jsonl,context_memory_surprise_30s/surprise_b32_value,DragonRise_9,1292,surprise_forcing,32,cpu,30,913,12,12,complete,32,42.5390625,0.1875,3.5957794189453125,15.982545852661133,18.34765625,1942.5448721298017,5.710623055696487,0.5191475505178625,0.38699033902958035,0.032249194919131696,0.016293827909976244,0.0013578189924980204
context_memory_surprise_30s/surprise_b32_value/profiles/seed0_DragonRise_1_2736_30s_custom.jsonl,context_memory_surprise_30s/surprise_b32_value,DragonRise_1,2736,surprise_forcing,32,cpu,30,913,12,12,complete,32,42.5390625,0.1875,3.595844268798828,15.982995986938477,18.25390625,1945.505197755061,5.60720161581412,0.5097456014376472,0.09343012142926455,0.007785843452438712,0.015796782448887825,0.0013163985374073188
context_memory_surprise_30s/surprise_b32_value/profiles/seed0_ClothingStore_6_2052_30s_custom.jsonl,context_memory_surprise_30s/surprise_b32_value,ClothingStore_6,2052,surprise_forcing,32,cpu,30,913,12,12,complete,32,42.5390625,0.193359375,3.597209930419922,15.981332778930664,18.326171875,1942.9398661949672,5.640345285180956,0.5127586622891779,0.09971868200227618,0.008309890166856349,0.016273642424494028,0.0013561368687078357
context_memory_surprise_30s/surprise_b32_value/profiles/seed0_FeudalJapan_3_6004_30s_custom.jsonl,context_memory_surprise_30s/surprise_b32_value,FeudalJapan_3,6004,surprise_forcing,32,cpu,30,913,12,12,complete,32,42.5390625,0.193359375,3.5952301025390625,15.982110977172852,18.34765625,1948.1860031657852,5.645172087009996,0.5131974624554542,0.6472208215855062,0.05393506846545885,0.016413671895861626,0.0013678059913218021
context_memory_surprise_30s/surprise_b32_value/profiles/seed0_ClothingStore_1_5624_30s_custom.jsonl,context_memory_surprise_30s/surprise_b32_value,ClothingStore_1,5624,surprise_forcing,32,cpu,30,913,12,12,complete,32,42.5390625,0.1875,3.6259002685546875,15.982217788696289,18.357421875,1942.1361614819616,5.6268783286213875,0.5115343935110352,0.09429789567366242,0.007858157972805202,0.016788863111287355,0.001399071925940613
context_memory_surprise_30s/surprise_b32_value/profiles/seed0_FeudalJapan_0_0912_30s_custom.jsonl,context_memory_surprise_30s/surprise_b32_value,FeudalJapan_0,912,surprise_forcing,32,cpu,30,913,12,12,complete,32,42.5390625,0.1875,3.5949630737304688,15.982110977172852,18.34765625,1967.4204095611349,5.656792255118489,0.5142538413744081,0.09438603464514017,0.007865502887095014,0.015754233114421368,0.001312852759535114
context_memory_surprise_30s/surprise_b32_value/profiles/seed0_Warehouse_0_2432_30s_custom.jsonl,context_memory_surprise_30s/surprise_b32_value,Warehouse_0,2432,surprise_forcing,32,cpu,30,913,12,12,complete,32,42.5390625,0.193359375,3.5953636169433594,15.982110977172852,18.34765625,1946.9391456320882,5.740002616774291,0.5218184197067537,0.09055665694177151,0.007546388078480959,0.015296430792659521,0.00127470256605496
context_180s/latency_vram_pareto/ri_b32_gpu_smoke/profiles/seed0_AncientTempleEnv_5_0684_180s_custom.jsonl,context_180s/latency_vram_pareto/ri_b32_gpu_smoke,AncientTempleEnv_5,684,rarity_irreplaceability,32,cuda,180,5397,28,71,incomplete,,,,,,,,,,,,,
